symbol,date,open,high,low,close,volume
NVDA,2023-07-03,131.636156,134.339359,131.504023,133.752848,172583595
NVDA,2023-07-05,134.643779,136.864036,133.672062,136.570142,149854170
NVDA,2023-07-06,136.171040,137.501862,134.111576,135.151418,148017070
NVDA,2023-07-07,134.487709,136.513264,133.379900,133.452928,85084203
NVDA,2023-07-10,132.673649,135.318221,131.460932,134.563442,122111239
NVDA,2023-07-11,134.937871,136.526729,133.884361,135.839397,207004408
NVDA,2023-07-12,136.787512,138.565020,136.246051,138.512081,180167308
NVDA,2023-07-13,138.048393,140.370985,137.260063,139.525834,204734074
NVDA,2023-07-14,140.400883,143.670399,140.200192,142.748792,155746843
NVDA,2023-07-17,141.770015,144.995601,140.132244,143.188504,185478998
NVDA,2023-07-18,143.007529,146.490682,141.661202,145.036471,102649726
NVDA,2023-07-19,145.529737,145.871644,143.451189,145.266677,90591013
NVDA,2023-07-20,144.440634,144.838421,143.773989,144.671763,164622528
NVDA,2023-07-21,143.967001,145.059450,141.894377,141.965007,102430437
NVDA,2023-07-24,141.977058,144.947566,141.180077,144.317089,124113192
NVDA,2023-07-25,145.034395,145.596685,144.431155,144.971797,99411815
NVDA,2023-07-26,145.408481,145.823023,143.648134,144.117890,141446572
NVDA,2023-07-27,144.021671,145.454769,143.762030,145.353598,152062534
NVDA,2023-07-28,145.473548,145.790184,144.963003,145.767078,172572647
NVDA,2023-07-31,146.403082,150.268100,146.147269,148.733801,193216875
NVDA,2023-08-01,148.992048,150.529102,147.093485,148.062399,180785392
NVDA,2023-08-02,148.985905,151.577718,147.591104,150.680181,189354782
NVDA,2023-08-03,150.487570,150.833162,148.282614,149.458611,129275072
NVDA,2023-08-04,150.174166,153.537855,149.986116,152.020494,146325092
NVDA,2023-08-07,151.899818,154.565489,150.998424,153.045765,80810369
NVDA,2023-08-08,153.014759,153.853222,150.903707,151.382550,90017186
NVDA,2023-08-09,151.610858,152.497837,149.031576,151.073925,211999051
NVDA,2023-08-10,151.339742,152.758216,150.122152,151.245613,209713005
NVDA,2023-08-11,151.808679,153.824364,149.633209,150.922483,176197021
NVDA,2023-08-14,151.302787,152.492161,149.962571,151.423820,87613069
NVDA,2023-08-15,152.364113,152.558373,150.617849,151.077116,214975419
NVDA,2023-08-16,150.142154,153.751628,148.404515,152.439493,161135640
NVDA,2023-08-17,153.337001,154.343878,149.738546,151.639754,166864014
NVDA,2023-08-18,151.054124,153.131506,149.853929,150.381482,83787343
NVDA,2023-08-21,149.554689,150.315173,148.254802,148.697447,127616520
NVDA,2023-08-22,148.794556,149.984393,147.381016,148.264086,164446581
NVDA,2023-08-23,147.712650,149.502217,145.967429,146.618467,162239520
NVDA,2023-08-24,146.540801,146.942305,145.224904,146.827268,182537748
NVDA,2023-08-25,146.875229,151.066450,145.820644,148.946794,209241539
NVDA,2023-08-28,148.518925,149.559986,147.876307,148.338065,176554754
NVDA,2023-08-29,149.238115,150.625357,148.394263,150.298032,215742418
NVDA,2023-08-30,149.780723,152.009935,146.607156,147.188718,114466564
NVDA,2023-08-31,147.406620,150.244322,145.436960,148.693692,171985443
NVDA,2023-09-01,148.218455,149.535026,147.405846,147.451480,135455437
NVDA,2023-09-05,146.567011,146.763703,145.653881,146.102690,119165839
NVDA,2023-09-06,146.055522,146.560177,143.261766,143.693683,151950284
NVDA,2023-09-07,144.613143,145.907801,144.256976,145.807216,99079009
NVDA,2023-09-08,146.471489,146.488196,145.967510,146.169590,117772980
NVDA,2023-09-11,145.408410,147.408729,143.777221,144.951181,141650558
NVDA,2023-09-12,145.431719,146.701763,143.693796,145.259387,131164765
NVDA,2023-09-13,144.801922,145.426112,144.425740,144.703828,160687446
NVDA,2023-09-14,143.974863,145.103750,143.732882,144.223575,109252751
NVDA,2023-09-15,143.546849,146.240147,143.267563,145.160519,212935720
NVDA,2023-09-18,144.392681,145.599832,142.859388,144.701822,91903342
NVDA,2023-09-19,145.680751,148.442939,143.721957,146.602063,144495115
NVDA,2023-09-20,147.610919,149.844469,145.644044,148.629172,186639797
NVDA,2023-09-21,149.012350,151.461365,148.338526,149.090603,125574421
NVDA,2023-09-22,148.202691,150.360925,145.521833,147.103922,201125409
NVDA,2023-09-25,147.825659,151.034648,146.440438,148.757527,133223834
NVDA,2023-09-26,148.762989,151.420399,148.539294,150.328851,124381726
NVDA,2023-09-27,150.490150,151.299487,148.088510,148.651405,145801626
NVDA,2023-09-28,149.079970,149.735706,146.397181,147.340542,181172976
NVDA,2023-09-29,146.547540,147.457872,145.198301,147.325468,196272289
NVDA,2023-10-02,148.056162,149.749724,145.810409,147.585567,134593307
NVDA,2023-10-03,148.208037,150.860596,147.631516,149.685680,197741933
NVDA,2023-10-04,148.931020,149.070883,145.583723,147.622851,178592689
NVDA,2023-10-05,148.413245,150.702026,145.984832,147.977396,77664026
NVDA,2023-10-06,147.257689,149.204588,146.689815,149.107718,143720285
NVDA,2023-10-09,149.498161,149.564148,148.607923,149.538990,160644683
NVDA,2023-10-10,149.970813,152.086719,147.914368,150.278892,144500818
NVDA,2023-10-11,150.912595,151.474587,148.373095,149.774400,177491548
NVDA,2023-10-12,150.627504,153.013307,149.148878,152.133578,84339924
NVDA,2023-10-13,153.193339,154.036720,151.735502,152.473708,213833905
NVDA,2023-10-16,151.546730,152.856183,148.443411,149.807621,152428719
NVDA,2023-10-17,149.390694,150.926020,149.322936,149.971698,119043996
NVDA,2023-10-18,150.645030,154.432133,149.705348,152.690581,215535755
NVDA,2023-10-19,151.940041,154.064466,151.220233,153.853316,199060618
NVDA,2023-10-20,154.054658,157.302164,151.909998,155.262560,194586261
NVDA,2023-10-23,156.113305,160.044069,155.813176,158.339526,188805930
NVDA,2023-10-24,159.115713,161.352255,157.569936,160.807251,100284059
NVDA,2023-10-25,160.179708,161.216959,157.725798,158.346105,84944964
NVDA,2023-10-26,158.566938,158.973467,157.895289,158.282358,132480722
NVDA,2023-10-27,157.824996,161.474701,157.446474,160.378934,191514705
NVDA,2023-10-30,160.898110,164.211599,158.851381,163.123977,83289553
NVDA,2023-10-31,163.478937,164.863045,163.394346,164.428035,153195694
NVDA,2023-11-01,163.771691,165.933522,162.618351,164.257821,92828652
NVDA,2023-11-02,164.084596,164.291266,162.568219,164.063742,97463932
NVDA,2023-11-03,163.904025,167.147704,163.365080,165.428405,187707809
NVDA,2023-11-06,166.063717,167.408343,164.424845,165.195647,121294492
NVDA,2023-11-07,164.083837,166.156168,162.067082,163.556419,94698212
NVDA,2023-11-08,163.539428,164.752252,163.150647,163.965387,174240545
NVDA,2023-11-09,163.325771,166.459658,161.777639,166.172171,204191877
NVDA,2023-11-10,166.219313,169.052521,165.584965,166.674918,91332648
NVDA,2023-11-13,167.239779,169.514896,164.944800,167.909531,108819473
NVDA,2023-11-14,168.432906,170.240305,166.171693,167.336657,150082948
NVDA,2023-11-15,166.961791,169.222311,166.756698,166.899724,160700644
NVDA,2023-11-16,165.845703,171.202317,163.586243,168.760398,89687567
NVDA,2023-11-17,169.023386,169.647105,168.390482,168.730059,105000189
NVDA,2023-11-20,168.680793,169.150595,167.604484,167.865792,211047771
NVDA,2023-11-21,167.684278,170.709398,167.568713,168.153074,116506392
NVDA,2023-11-22,167.140870,170.438126,167.105414,169.647430,177226631
NVDA,2023-11-24,168.889048,171.917433,168.109430,170.585397,98584535
NVDA,2023-11-27,171.297327,174.289192,170.129577,173.807849,89172705
NVDA,2023-11-28,173.028323,176.323652,171.283056,174.952168,78839094
NVDA,2023-11-29,173.914048,175.236093,172.319045,175.150718,204725896
NVDA,2023-11-30,175.671128,177.620723,173.686536,177.189504,101892321
NVDA,2023-12-01,177.429682,181.552741,175.630419,179.374073,93822942
NVDA,2023-12-04,178.132840,178.714516,176.919857,178.506929,175604915
NVDA,2023-12-05,179.380230,180.626623,179.013566,179.037260,143191141
NVDA,2023-12-06,178.893601,180.897968,176.787296,178.416031,201576163
NVDA,2023-12-07,177.356413,179.848278,176.513477,178.100192,133408702
NVDA,2023-12-08,178.061569,178.280167,175.743142,176.617840,132616438
NVDA,2023-12-11,177.576023,179.542759,175.931253,177.964363,133768754
NVDA,2023-12-12,177.495673,177.725013,173.157533,175.124691,177834135
NVDA,2023-12-13,174.091520,176.241657,172.198923,172.924498,89661357
NVDA,2023-12-14,174.100664,177.706612,172.145486,175.198441,78772107
NVDA,2023-12-15,175.539063,176.672744,173.964197,174.930145,136933966
NVDA,2023-12-18,176.108342,178.075604,174.075996,176.648552,216415381
NVDA,2023-12-19,176.464411,180.282504,174.908407,177.629186,181655647
NVDA,2023-12-20,178.404308,182.950483,176.427620,180.742158,117622390
NVDA,2023-12-21,181.219209,183.428344,180.727186,180.732809,215643924
NVDA,2023-12-22,180.023163,181.345726,177.515321,177.611621,99356201
NVDA,2023-12-26,177.577761,178.157361,176.954642,177.371482,131765492
NVDA,2023-12-27,177.602564,177.629007,173.213092,174.839506,198760158
NVDA,2023-12-28,174.311796,175.927421,172.049153,172.980867,142143116
NVDA,2023-12-29,174.160897,175.247594,171.625811,173.798207,175384102
NVDA,2024-01-02,173.817848,176.990427,173.092210,175.827060,180740894
NVDA,2024-01-03,176.788863,179.144350,174.409569,176.922303,177472787
NVDA,2024-01-04,177.777430,180.509361,176.840293,179.805548,133108630
NVDA,2024-01-05,180.541490,182.750259,178.594319,180.413032,165927323
NVDA,2024-01-08,180.319461,181.478448,176.632304,178.482589,174093438
NVDA,2024-01-09,177.741607,179.534356,176.060369,177.076709,126093474
NVDA,2024-01-10,176.681239,177.341232,175.638935,175.675662,212822765
NVDA,2024-01-11,174.816570,176.106659,172.635523,173.310764,157667318
NVDA,2024-01-12,173.148443,176.962531,171.397449,174.428866,116977882
NVDA,2024-01-16,175.250490,178.696065,173.755170,177.472878,155489276
NVDA,2024-01-17,177.927472,182.641357,177.430585,180.044577,79060479
NVDA,2024-01-18,179.355048,183.576596,177.580094,181.569632,187571724
NVDA,2024-01-19,182.323108,185.619351,182.032452,182.814858,169757341
NVDA,2024-01-22,182.388155,184.147875,180.415492,180.848706,160123366
NVDA,2024-01-23,180.911692,182.182560,177.062399,179.439173,121379186
NVDA,2024-01-24,180.648109,183.264028,177.640783,179.635891,181345281
NVDA,2024-01-25,180.214560,184.615788,179.325567,182.011070,191439571
NVDA,2024-01-26,181.818513,183.528496,178.661313,179.498791,215129004
NVDA,2024-01-29,178.487664,182.044130,176.765227,181.310050,216498394
NVDA,2024-01-30,181.082479,182.218119,177.897423,179.632952,81236235
NVDA,2024-01-31,180.380227,182.200285,179.786822,180.980053,93171835
NVDA,2024-02-01,181.475658,184.534295,180.674254,181.698767,148832736
NVDA,2024-02-02,182.936028,186.419151,182.078021,185.557586,100456688
NVDA,2024-02-05,186.061221,187.590869,182.251892,183.465416,174135697
NVDA,2024-02-06,183.803085,187.194685,181.466720,186.194122,198981879
NVDA,2024-02-07,186.008547,188.517774,182.618133,185.019812,209164302
NVDA,2024-02-08,186.262231,187.170850,186.215513,186.964187,112233556
NVDA,2024-02-09,186.548172,190.955865,186.084915,188.574272,125907481
NVDA,2024-02-12,189.860646,192.489463,188.186248,190.039490,145952483
NVDA,2024-02-13,189.559234,189.964268,187.229591,187.749092,157390767
NVDA,2024-02-14,187.446361,188.752700,185.309267,187.317258,158523557
NVDA,2024-02-15,187.726343,188.548955,185.676947,186.237199,162885908
NVDA,2024-02-16,186.675910,190.242474,186.314846,189.173264,211017122
NVDA,2024-02-20,187.909220,188.360195,187.370594,187.478250,177612373
NVDA,2024-02-21,187.347400,188.269008,183.447563,184.802777,104350338
NVDA,2024-02-22,183.774547,186.540287,181.839732,182.585787,176479071
NVDA,2024-02-23,181.569812,184.266192,177.858873,179.606507,166564212
NVDA,2024-02-26,180.188923,181.627369,178.923730,179.486613,165457606
NVDA,2024-02-27,180.199365,182.863590,179.510728,180.125173,209207989
NVDA,2024-02-28,179.865874,179.911335,178.893811,179.495264,121815084
NVDA,2024-02-29,179.692247,181.846405,179.330856,179.796646,182037450
NVDA,2024-03-01,179.145146,179.754959,178.767695,179.592487,154414983
NVDA,2024-03-04,180.623082,181.681680,176.099471,178.567942,123417245
NVDA,2024-03-05,178.335079,179.679878,175.972457,176.922582,216368783
NVDA,2024-03-06,176.692095,179.366923,175.330969,177.808995,203719752
NVDA,2024-03-07,177.063306,179.949512,176.494863,177.709338,193239057
NVDA,2024-03-08,177.348584,178.378432,176.330356,176.955877,174384030
NVDA,2024-03-11,176.166622,176.525698,173.376676,174.234968,179506409
NVDA,2024-03-12,174.301551,174.943364,173.663421,174.598957,159888282
NVDA,2024-03-13,174.614751,177.669192,172.559868,176.268513,122868144
NVDA,2024-03-14,177.257049,181.168334,174.852381,179.307901,167447848
NVDA,2024-03-15,179.803360,180.002082,178.265950,179.404507,148885752
NVDA,2024-03-18,178.951105,180.389317,177.810476,179.467833,153528074
NVDA,2024-03-19,178.319091,180.698321,177.141621,177.555115,156291265
NVDA,2024-03-20,178.542745,181.260832,176.360546,180.140776,201007514
NVDA,2024-03-21,179.237705,180.181316,177.725226,177.789274,204649267
NVDA,2024-03-22,178.140714,179.138628,175.148563,176.414142,119791750
NVDA,2024-03-25,175.712757,177.206011,174.726050,176.800050,119801806
NVDA,2024-03-26,177.489769,178.734994,176.674421,177.193140,190611728
NVDA,2024-03-27,177.974869,178.089531,176.390571,177.355870,87347659
NVDA,2024-03-28,176.992655,179.913172,175.039888,178.286768,140392827
NVDA,2024-04-01,179.517472,184.472596,179.246527,181.645707,149075403
NVDA,2024-04-02,180.794770,182.200344,178.352411,180.898490,151701998
NVDA,2024-04-03,182.109961,183.600574,179.065587,179.805993,170531432
NVDA,2024-04-04,180.693958,181.088378,178.651998,180.192206,122120129
NVDA,2024-04-05,179.921840,181.810849,178.070412,180.868331,208509539
NVDA,2024-04-08,180.112842,180.377770,178.377699,178.606140,105695405
NVDA,2024-04-09,177.923886,180.568752,176.410678,176.444217,163947915
NVDA,2024-04-10,176.122397,179.132182,174.678033,176.692760,101660775
NVDA,2024-04-11,177.026262,180.779896,175.636396,177.963763,177262362
NVDA,2024-04-12,176.750276,180.174207,175.733450,177.607510,189094704
NVDA,2024-04-15,176.902904,180.091726,175.775588,178.275525,178281252
NVDA,2024-04-16,177.175552,179.842474,174.023180,175.338149,93919279
NVDA,2024-04-17,175.088562,176.504916,172.618301,174.029100,180428225
NVDA,2024-04-18,173.851240,177.033281,173.442497,175.523822,180313282
NVDA,2024-04-19,176.304124,179.736354,173.962904,179.165353,137372855
NVDA,2024-04-22,178.258599,180.364727,176.640641,179.204564,116020232
NVDA,2024-04-23,180.195421,184.620128,179.958896,182.786797,178787438
NVDA,2024-04-24,182.397173,185.624993,181.316134,184.380469,213902450
NVDA,2024-04-25,183.170189,186.506535,181.658372,184.440965,138859840
NVDA,2024-04-26,184.682354,187.334142,182.954868,185.889543,214182083
NVDA,2024-04-29,186.430253,187.843944,186.333792,186.885742,105567745
NVDA,2024-04-30,186.685362,187.235234,184.731946,186.962056,146868582
NVDA,2024-05-01,186.283994,189.198792,185.533169,186.277532,199168918
NVDA,2024-05-02,185.544652,188.757851,185.013732,188.023784,215649507
NVDA,2024-05-03,188.287784,190.280522,185.252669,185.971037,193655017
NVDA,2024-05-06,187.010181,189.151359,184.392240,186.780574,116767594
NVDA,2024-05-07,187.119358,189.382261,182.547376,184.851906,93803261
NVDA,2024-05-08,183.575053,186.355863,182.326357,186.001567,82871880
NVDA,2024-05-09,186.647732,190.073411,185.536673,189.509633,191690664
NVDA,2024-05-10,190.291376,194.101575,188.839080,192.304409,106264279
NVDA,2024-05-13,193.216052,195.883789,191.376884,191.573749,178859838
NVDA,2024-05-14,190.628108,192.203594,190.254576,191.314966,102115334
NVDA,2024-05-15,190.235088,193.852430,187.760236,192.209830,122493266
NVDA,2024-05-16,193.011957,194.755064,189.619832,192.100802,143843967
NVDA,2024-05-17,191.294187,191.312679,187.120279,189.257137,194714717
NVDA,2024-05-20,188.367378,193.177487,186.193418,190.171894,173695909
NVDA,2024-05-21,190.966711,192.378561,189.674794,190.826562,92241921
NVDA,2024-05-22,190.868942,195.628121,189.810228,193.154663,145364046
NVDA,2024-05-23,192.118661,197.640680,190.457117,195.169984,87813835
NVDA,2024-05-24,196.370606,199.316319,194.200585,198.859683,166021311
NVDA,2024-05-28,200.060255,201.819087,197.254086,199.186399,193858817
NVDA,2024-05-29,200.496784,201.023687,198.115211,198.440096,116132813
NVDA,2024-05-30,198.221150,204.874789,195.456491,201.808508,201506738
NVDA,2024-05-31,202.244236,205.249686,200.265511,205.169735,110628741
NVDA,2024-06-03,206.471041,209.554802,204.783754,208.946938,183028515
NVDA,2024-06-04,208.895588,210.949225,208.805714,210.173978,208203182
NVDA,2024-06-05,211.022041,214.299819,208.151875,209.889300,181860794
NVDA,2024-06-06,211.077271,213.566197,209.675567,210.526164,170406341
NVDA,2024-06-07,210.806510,215.524218,208.149466,213.355557,180291458
NVDA,2024-06-10,212.875179,218.408565,211.849831,215.699723,162568725
NVDA,2024-06-11,215.802243,220.581891,215.511213,218.498410,179393366
NVDA,2024-06-12,218.522516,223.693895,216.414486,221.057212,208185718
NVDA,2024-06-13,219.962127,221.165995,218.110632,218.222992,187649194
NVDA,2024-06-14,219.357479,219.832737,214.923838,217.702996,80949559
NVDA,2024-06-17,217.321096,221.015212,214.406156,217.963625,122659461
NVDA,2024-06-18,218.793980,221.567859,215.741769,217.237160,77893068
NVDA,2024-06-20,216.724949,219.670041,214.393856,217.358417,163118818
NVDA,2024-06-21,218.415543,222.068501,217.646427,219.466447,166855583
NVDA,2024-06-24,220.931225,223.547565,217.434208,218.355093,154632345
NVDA,2024-06-25,217.538026,222.301022,214.838162,219.271590,115446392
NVDA,2024-06-26,218.475409,221.122029,215.232820,217.254300,191674139
NVDA,2024-06-27,216.691214,219.891348,213.571906,213.979372,190614550
NVDA,2024-06-28,213.602103,215.837710,211.479129,214.810111,177814626
NVDA,2024-07-01,213.706780,214.005686,210.183008,211.512299,81586310
NVDA,2024-07-02,210.044769,211.190665,205.548510,208.169660,186011055
NVDA,2024-07-03,207.537372,210.385531,204.721679,208.137100,168052492
NVDA,2024-07-05,208.377539,210.754791,206.172162,209.745176,129017308
NVDA,2024-07-08,208.742029,211.113996,207.424093,208.604686,163827961
NVDA,2024-07-09,207.664153,212.347704,206.296910,210.746736,125574657
NVDA,2024-07-10,211.888780,215.683528,210.714143,212.829561,137513976
NVDA,2024-07-11,214.284247,218.497808,213.039092,216.836774,119744311
NVDA,2024-07-12,215.894648,218.870252,214.540874,217.009804,119721504
NVDA,2024-07-15,215.580917,219.095535,215.290846,216.858299,197285545
NVDA,2024-07-16,218.146105,220.157571,215.542326,219.617995,174909719
NVDA,2024-07-17,219.121812,221.648666,214.316653,216.624819,173119962
NVDA,2024-07-18,215.395892,217.026523,212.483658,213.828296,98608707
NVDA,2024-07-19,212.903556,215.474802,209.521340,210.423451,96402865
NVDA,2024-07-22,211.609274,214.873603,209.671645,209.689527,141479035
NVDA,2024-07-23,209.437716,210.352850,206.548648,208.238128,163296957
NVDA,2024-07-24,209.172881,210.228532,207.365491,209.959995,134063137
NVDA,2024-07-25,209.577688,213.817938,208.146068,210.969030,140961566
NVDA,2024-07-26,212.426546,217.476001,211.562316,215.496042,93954630
NVDA,2024-07-29,216.126608,220.002678,213.735328,218.501651,178282281
NVDA,2024-07-30,217.898524,219.679226,214.979979,218.823132,94201435
NVDA,2024-07-31,217.536567,220.236965,214.772631,218.108389,168221376
NVDA,2024-08-01,218.192915,220.070099,214.197279,217.208613,81817245
NVDA,2024-08-02,217.810304,219.230183,214.835983,217.333964,162118614
NVDA,2024-08-05,218.729072,220.236300,218.446670,218.850263,92053189
NVDA,2024-08-06,219.128460,221.810230,216.150457,221.576684,196564991
NVDA,2024-08-07,222.897714,224.280899,220.647105,222.433686,191327631
NVDA,2024-08-08,222.492904,224.272237,221.494272,222.957624,107358688
NVDA,2024-08-09,223.824285,229.140512,221.354486,225.950480,133176906
NVDA,2024-08-12,226.107361,229.397535,223.435690,224.181623,151282991
NVDA,2024-08-13,223.254718,225.310415,219.991584,220.709502,191023381
NVDA,2024-08-14,219.626844,222.370090,214.609435,217.209719,143770127
NVDA,2024-08-15,216.536842,217.960217,211.939942,214.170249,192709565
NVDA,2024-08-16,215.609812,219.596550,212.715697,218.089410,187682969
NVDA,2024-08-19,217.932209,220.131446,215.283023,217.801694,128368098
NVDA,2024-08-20,217.504829,219.523949,213.157339,214.583535,184208246
NVDA,2024-08-21,215.617637,217.979535,214.097219,215.577471,129037279
NVDA,2024-08-22,215.908897,216.064759,213.610154,214.049348,99960383
NVDA,2024-08-23,215.211046,218.012960,211.241214,213.298535,182240409
NVDA,2024-08-26,212.770539,216.516536,211.893944,213.664763,83594323
NVDA,2024-08-27,212.772272,216.290994,211.374301,214.120144,136274537
NVDA,2024-08-28,214.808423,217.403534,210.685212,212.018459,119268619
NVDA,2024-08-29,211.939908,214.553292,207.027870,209.965221,210950323
NVDA,2024-08-30,210.883246,213.774568,207.764445,209.159426,181936842
NVDA,2024-09-03,207.887542,211.377025,206.087942,208.458035,92739549
NVDA,2024-09-04,207.112278,207.641623,202.520518,203.493184,119425785
NVDA,2024-09-05,202.329886,205.437958,199.732464,201.609276,170470428
NVDA,2024-09-06,201.768801,204.944207,199.283856,200.009328,177333198
NVDA,2024-09-09,199.188896,201.552657,199.061055,200.599653,117613179
NVDA,2024-09-10,199.698163,202.252734,198.265761,199.378810,163695712
NVDA,2024-09-11,200.224453,202.996236,195.490266,198.068070,92569445
NVDA,2024-09-12,198.320705,199.763271,193.150746,195.664570,189889378
NVDA,2024-09-13,195.565478,198.991154,193.870164,196.157474,202968979
NVDA,2024-09-16,197.279213,200.240602,194.359552,196.199590,181080679
NVDA,2024-09-17,196.896976,197.710683,195.429397,195.844132,167535605
NVDA,2024-09-18,194.679723,195.031293,191.192413,193.363508,212495106
NVDA,2024-09-19,193.257693,196.248400,191.778733,195.272671,183361805
NVDA,2024-09-20,194.241173,194.561074,190.845619,191.957240,95563360
NVDA,2024-09-23,192.350514,192.449518,189.549041,190.768759,111177391
NVDA,2024-09-24,189.720759,192.610638,187.491470,189.971951,199391958
NVDA,2024-09-25,188.782199,191.681848,188.041149,190.001251,80162542
NVDA,2024-09-26,189.127978,193.261817,187.232816,190.335439,86735482
NVDA,2024-09-27,191.421391,192.549945,190.817477,191.432309,110789111
NVDA,2024-09-30,191.858574,192.260179,188.920140,189.301243,138471947
NVDA,2024-10-01,189.977724,190.093298,186.566721,187.404477,192826408
NVDA,2024-10-02,186.561862,187.640284,183.816150,185.769605,135250708
NVDA,2024-10-03,186.942198,187.891162,185.358280,187.193425,79768814
NVDA,2024-10-04,188.380777,190.396948,186.522772,188.164127,188244074
NVDA,2024-10-07,188.648197,191.563193,186.696753,188.932648,204282360
NVDA,2024-10-08,188.439297,193.231736,186.573724,191.333840,141539235
NVDA,2024-10-09,190.444885,192.086737,187.555108,188.914565,145576061
NVDA,2024-10-10,189.891788,191.685826,187.526514,189.442309,155406352
NVDA,2024-10-11,190.130991,195.167024,188.728138,192.520956,102631095
NVDA,2024-10-14,191.769130,195.536975,190.066816,194.367553,121221615
NVDA,2024-10-15,194.486984,195.632950,190.883847,193.125612,150717027
NVDA,2024-10-16,192.317864,196.180016,190.441290,194.914983,143960794
NVDA,2024-10-17,194.109004,196.893500,193.067993,193.213002,156339136
NVDA,2024-10-18,192.031997,197.276953,190.049876,195.409144,155659288
NVDA,2024-10-21,194.129935,196.020611,192.176303,195.572160,181444454
NVDA,2024-10-22,196.507712,197.672801,194.343002,194.489852,181808873
NVDA,2024-10-23,194.723952,198.152851,194.037166,196.332584,155116525
NVDA,2024-10-24,197.356532,199.949645,194.930554,198.161552,91079344
NVDA,2024-10-25,197.018694,199.181936,195.465343,196.340487,113859945
NVDA,2024-10-28,195.600135,197.374330,193.545245,193.688472,165764949
NVDA,2024-10-29,194.852974,195.534835,192.086238,193.005457,123665596
NVDA,2024-10-30,192.116800,197.698315,191.316476,194.871863,134710990
NVDA,2024-10-31,196.207436,198.425669,195.646998,196.974768,122106103
NVDA,2024-11-01,197.354063,200.742754,196.229202,199.403762,100925168
NVDA,2024-11-04,199.864869,201.872601,199.277715,199.728415,130488350
NVDA,2024-11-05,198.505448,199.343495,196.197308,199.249761,171371251
NVDA,2024-11-06,200.222787,203.188339,199.191599,201.565424,208336016
NVDA,2024-11-07,200.462942,204.319186,198.845696,202.354731,85329323
NVDA,2024-11-08,202.134108,203.201339,200.407645,201.729999,208939923
NVDA,2024-11-11,201.007847,205.947401,200.660571,204.328643,138937375
NVDA,2024-11-12,204.171493,206.842728,200.577911,202.411073,209147579
NVDA,2024-11-13,201.452595,205.256232,200.637359,203.423789,85853191
NVDA,2024-11-14,204.667912,208.186055,202.560444,207.937962,182715647
NVDA,2024-11-15,208.363347,210.749983,206.545531,210.081045,196143471
NVDA,2024-11-18,209.418085,211.805916,207.045548,211.006065,88170167
NVDA,2024-11-19,211.130165,211.239827,209.008852,209.564443,146268836
NVDA,2024-11-20,209.834783,212.534540,206.582807,207.515448,202959200
NVDA,2024-11-21,207.948156,211.474457,206.922297,210.090122,151138851
NVDA,2024-11-22,209.964057,210.058802,206.479103,208.672147,79491147
NVDA,2024-11-25,209.082377,212.118016,206.903718,210.865262,163410379
NVDA,2024-11-26,210.425866,211.981458,208.359953,208.535534,179179360
NVDA,2024-11-27,207.323182,208.427221,205.187271,208.363728,174245605
NVDA,2024-11-29,208.040702,213.236121,206.570201,210.700576,141609736
NVDA,2024-12-02,210.346864,212.337969,207.973978,210.468913,82382738
NVDA,2024-12-03,209.298251,210.241207,206.139765,207.938630,101162841
NVDA,2024-12-04,207.858004,209.776109,204.962863,207.998188,93352886
NVDA,2024-12-05,207.373316,207.844028,204.840596,204.897727,176605701
NVDA,2024-12-06,205.362294,205.667029,201.298671,202.620944,136750837
NVDA,2024-12-09,203.140801,204.594303,200.905203,201.408330,204070734
NVDA,2024-12-10,200.538045,202.832563,196.241066,198.672299,205385411
NVDA,2024-12-11,200.055541,200.116057,195.450401,197.957782,124210408
NVDA,2024-12-12,198.494628,201.732503,198.221832,200.762468,94646788
NVDA,2024-12-13,199.614085,200.931016,198.778465,200.072065,103906032
NVDA,2024-12-16,200.207328,203.914920,198.196410,201.146410,132283695
NVDA,2024-12-17,201.857003,203.730647,200.165962,202.080768,195467705
NVDA,2024-12-18,202.874810,204.974497,197.987175,200.004464,146732530
NVDA,2024-12-19,200.453279,202.242911,200.431425,201.415838,125539756
NVDA,2024-12-20,202.647050,203.045927,202.198577,202.674791,124933486
NVDA,2024-12-23,203.246191,204.261776,201.353165,203.989735,145672158
NVDA,2024-12-24,203.722990,204.845016,203.499324,204.541205,86955450
NVDA,2024-12-26,203.692294,206.127510,200.280487,201.613895,100483170
NVDA,2024-12-27,201.741862,203.693569,199.091768,202.522642,153481930
NVDA,2024-12-30,202.287294,203.722374,201.807312,203.190684,161272127
NVDA,2024-12-31,203.710636,206.010370,203.476777,203.788904,192034465
NVDA,2025-01-02,203.505839,207.478540,201.174658,204.358583,186593591
NVDA,2025-01-03,203.838218,206.371807,202.054987,204.634289,137477956
NVDA,2025-01-06,205.299851,208.210244,204.347679,207.048421,90425185
NVDA,2025-01-07,207.029083,209.602593,203.109551,204.512974,100614075
NVDA,2025-01-08,205.766100,209.380757,203.104266,207.383949,176901295
NVDA,2025-01-10,206.271384,207.587834,203.538082,204.211853,84274367
NVDA,2025-01-13,204.387482,206.021771,199.073911,201.668859,81893381
NVDA,2025-01-14,202.840330,206.694149,200.048002,204.434039,148023884
NVDA,2025-01-15,203.480028,206.977383,202.701289,205.266434,99745016
NVDA,2025-01-16,204.668575,207.397223,204.545863,206.699154,199129166
NVDA,2025-01-17,206.964845,210.877113,206.733436,210.267707,131965849
NVDA,2025-01-21,210.971510,214.046604,210.930628,211.897734,127581090
NVDA,2025-01-22,211.315991,215.200237,210.754429,212.304005,187403534
NVDA,2025-01-23,211.156310,215.174041,210.953842,212.783063,85443589
NVDA,2025-01-24,214.241210,218.471170,212.558515,217.472795,134096260
NVDA,2025-01-27,216.483710,219.826741,216.253722,219.126935,144373447
NVDA,2025-01-28,218.905112,221.524670,217.782720,217.886361,145410865
NVDA,2025-01-29,218.700710,221.847317,218.582926,220.624726,108574364
NVDA,2025-01-30,220.647708,225.814507,219.019184,222.968030,100942612
NVDA,2025-01-31,221.600531,224.565517,217.998310,218.869509,142460187
NVDA,2025-02-03,219.772213,224.953725,219.185730,222.440551,209742535
NVDA,2025-02-04,223.564459,226.820683,220.913929,223.446372,191657681
NVDA,2025-02-05,223.878379,227.379743,222.363542,223.693903,123496875
NVDA,2025-02-06,222.649252,222.663386,220.920264,222.177525,181428423
NVDA,2025-02-07,221.363725,227.036818,218.500272,223.669195,214060458
NVDA,2025-02-10,224.174289,226.480109,219.792419,221.454262,166882390
NVDA,2025-02-11,222.075068,223.880188,217.227061,219.059746,86991969
NVDA,2025-02-12,218.745466,222.159358,213.949345,216.130774,213242508
NVDA,2025-02-13,216.637801,218.781869,215.335773,217.335493,204203903
NVDA,2025-02-14,217.315388,219.660415,215.992391,216.268500,100649910
NVDA,2025-02-18,214.758196,217.596081,212.935569,216.435478,178273594
NVDA,2025-02-19,214.959068,216.611607,212.852508,214.026765,105323874
NVDA,2025-02-20,215.307573,220.354341,213.321443,218.818302,152114048
NVDA,2025-02-21,217.352776,221.657311,215.803002,220.046656,166058363
NVDA,2025-02-24,219.938190,223.654988,218.536644,222.815079,174324394
NVDA,2025-02-25,221.712365,227.063260,221.184373,224.729735,130798833
NVDA,2025-02-26,224.861071,230.630664,222.498083,227.153793,136379641
NVDA,2025-02-27,226.703166,227.881649,224.462774,225.929158,91148420
NVDA,2025-02-28,225.504999,226.856185,223.708878,224.274147,156627978
NVDA,2025-03-03,223.450058,230.092712,221.445925,226.632150,81851847
NVDA,2025-03-04,225.362631,231.372757,224.930280,227.936778,151591247
NVDA,2025-03-05,226.994282,228.791095,223.281431,223.426046,206348370
NVDA,2025-03-06,222.055426,223.645321,220.507099,222.338436,151060271
NVDA,2025-03-07,221.355169,221.749589,219.945081,221.060354,97121770
NVDA,2025-03-10,220.458177,222.257770,216.265680,218.293262,143691587
NVDA,2025-03-11,218.222871,219.522610,217.106463,219.174538,129555911
NVDA,2025-03-12,220.283876,222.443678,218.560227,220.025066,147995719
NVDA,2025-03-13,219.423504,221.142946,217.760010,220.679709,169078557
NVDA,2025-03-14,222.073782,224.410057,218.725427,219.625729,203509475
NVDA,2025-03-17,218.461751,220.105179,216.242085,219.870661,122294151
NVDA,2025-03-18,219.634355,224.019962,218.358659,220.801477,172315833
NVDA,2025-03-19,220.593053,224.075583,217.944248,218.464165,92317940
NVDA,2025-03-20,217.965492,220.632301,215.985557,216.669780,185664848
NVDA,2025-03-21,215.366949,218.583173,214.107845,215.334774,105379335
NVDA,2025-03-24,214.794477,216.975203,210.158958,211.385186,108007578
NVDA,2025-03-25,212.042754,214.048662,207.315865,209.363965,108711577
NVDA,2025-03-26,210.520738,212.984480,209.009175,212.131224,155032389
NVDA,2025-03-27,212.261614,215.369337,207.845015,208.742939,177537787
NVDA,2025-03-28,209.238972,212.816398,208.348299,209.577672,137039102
NVDA,2025-03-31,211.032355,211.181517,206.835372,208.903228,160350164
NVDA,2025-04-01,207.551836,207.637355,202.489240,203.890420,157951243
NVDA,2025-04-02,202.884711,205.529873,200.136788,202.880611,215409577
NVDA,2025-04-03,204.168998,207.332405,199.445811,202.021839,167200319
NVDA,2025-04-04,202.609983,204.538542,202.138770,203.412726,176217024
NVDA,2025-04-07,203.413792,205.425646,201.501165,203.249993,90368326
NVDA,2025-04-08,203.176020,207.347380,201.092125,205.388056,88376392
NVDA,2025-04-09,205.218073,209.887525,202.760623,208.202074,158595823
NVDA,2025-04-10,209.241572,211.359632,208.649931,211.238011,213529654
NVDA,2025-04-11,211.767093,213.069851,210.227751,212.592608,190102734
NVDA,2025-04-14,211.566665,214.396651,211.282701,212.024458,96651146
NVDA,2025-04-15,213.014577,215.729351,212.015924,214.778966,213477653
NVDA,2025-04-16,214.533770,216.102380,212.138001,213.620671,149686749
NVDA,2025-04-17,214.361126,215.939159,212.190780,213.347019,195418737
NVDA,2025-04-21,213.572175,215.035513,211.181340,212.491955,156066792
NVDA,2025-04-22,211.116595,212.724346,207.502189,209.242343,169105403
NVDA,2025-04-23,208.178074,210.168783,204.935411,207.000686,195758195
NVDA,2025-04-24,207.167604,211.018725,204.416276,210.235240,147094870
NVDA,2025-04-25,210.797792,214.131538,207.741130,209.934154,208001862
NVDA,2025-04-28,209.042456,211.908466,206.425608,206.534178,148321170
NVDA,2025-04-29,207.227432,209.608787,204.761091,206.494118,177455523
NVDA,2025-04-30,206.751258,209.000814,202.838829,204.831215,106176624
NVDA,2025-05-01,205.311568,207.375262,202.455403,207.372916,167880221
NVDA,2025-05-02,207.017636,208.465321,206.474088,207.802889,197526850
NVDA,2025-05-05,209.020695,210.253230,207.141942,209.545846,184520339
NVDA,2025-05-06,209.456624,212.421901,209.075231,211.559928,154600220
NVDA,2025-05-07,210.906141,212.848739,210.032063,210.919873,140682543
NVDA,2025-05-08,211.074756,213.227327,208.300746,211.678917,116751278
NVDA,2025-05-09,212.096669,213.590547,210.841911,212.233839,184468222
NVDA,2025-05-12,213.206969,215.207140,210.813409,211.237083,120874983
NVDA,2025-05-13,210.593314,212.295421,210.540789,211.459448,126907003
NVDA,2025-05-14,212.236082,214.591099,209.815656,214.253290,201494709
NVDA,2025-05-15,214.645367,215.433221,213.623075,213.827001,151625587
NVDA,2025-05-16,213.801614,216.227933,211.332997,215.043138,188011812
NVDA,2025-05-19,214.164053,216.788045,212.965278,215.310968,157416691
NVDA,2025-05-20,215.637642,220.051452,215.101376,218.644331,151038143
NVDA,2025-05-21,217.390153,217.576603,215.987836,217.296579,197397020
NVDA,2025-05-22,216.706996,220.345263,215.772608,217.181200,215885235
NVDA,2025-05-23,216.522411,216.797399,213.399855,214.765252,150611241
NVDA,2025-05-27,214.637746,217.142276,212.056728,213.843596,152904998
NVDA,2025-05-28,215.323829,221.277042,212.650953,217.909448,82700580
NVDA,2025-05-29,216.618417,216.627113,213.259558,214.653399,125216571
NVDA,2025-05-30,214.443859,217.607142,214.007674,214.867081,80360182
NVDA,2025-06-02,213.379695,217.061296,210.913267,216.945941,208162621
NVDA,2025-06-03,217.047626,218.384764,212.982188,215.718936,188508571
NVDA,2025-06-04,215.446277,217.643638,212.451363,214.024981,85365668
NVDA,2025-06-05,214.166835,216.172939,211.353954,211.719688,98135507
NVDA,2025-06-06,210.492327,213.872128,210.218177,213.444493,97251148
NVDA,2025-06-09,213.545947,216.427297,209.363934,211.633913,175431283
NVDA,2025-06-10,211.526825,211.789399,207.579237,210.439165,123118755
NVDA,2025-06-11,210.517221,213.544452,207.333558,208.866691,147780955
NVDA,2025-06-12,209.942407,213.752135,207.997531,212.191196,181027202
NVDA,2025-06-13,213.483414,215.524549,213.291134,214.898825,138281200
NVDA,2025-06-16,216.039265,218.750844,215.297021,216.507443,204659871
NVDA,2025-06-17,217.139462,219.879700,214.505221,216.331812,186355524
NVDA,2025-06-18,217.336355,218.924135,213.009486,215.591834,186709940
NVDA,2025-06-20,216.040132,219.869406,213.271485,217.753249,136555178
NVDA,2025-06-23,217.438387,219.403372,214.632161,215.071545,197913395
NVDA,2025-06-24,215.764027,219.691685,215.111399,218.876501,199488692
NVDA,2025-06-25,217.844816,220.936573,217.813441,218.751733,163416942
NVDA,2025-06-26,218.388371,219.472619,215.309490,218.280677,176772090
NVDA,2025-06-27,219.620487,223.477171,216.700895,222.861986,137445173
NVDA,2025-06-30,224.312905,228.266666,223.003865,224.776008,214684860
AAPL,2023-07-03,207.472940,210.161565,205.761046,209.000844,26777114
AAPL,2023-07-05,209.386882,212.600931,208.294001,210.256921,68437208
AAPL,2023-07-06,211.416740,213.656519,208.649753,210.340305,68095615
AAPL,2023-07-07,209.630996,211.728595,208.806190,209.833240,46356199
AAPL,2023-07-10,209.590794,215.899807,207.850811,213.069870,32905426
AAPL,2023-07-11,214.003565,216.627507,210.329711,212.596631,37843347
AAPL,2023-07-12,211.377227,213.134860,209.423065,209.848570,27803640
AAPL,2023-07-13,208.654598,211.933962,207.941210,211.660869,70540614
AAPL,2023-07-14,213.084795,214.360440,210.336027,213.178654,41937196
AAPL,2023-07-17,214.592401,215.308628,211.815125,211.926963,40436640
AAPL,2023-07-18,211.318292,213.667056,207.312304,209.422058,59311079
AAPL,2023-07-19,209.714933,214.052720,208.486318,213.054638,52716564
AAPL,2023-07-20,213.415182,213.599728,211.053026,213.137772,71259354
AAPL,2023-07-21,212.064210,217.344683,209.843205,214.338787,59256132
AAPL,2023-07-24,213.346495,215.799845,209.021642,211.028389,36334909
AAPL,2023-07-25,209.741838,211.167780,208.004715,210.139081,31555019
AAPL,2023-07-26,211.494451,212.632659,211.123628,211.182919,47545631
AAPL,2023-07-27,209.829177,213.781388,209.819534,212.940029,38388655
AAPL,2023-07-28,211.669602,211.697089,208.270632,210.822226,45911624
AAPL,2023-07-31,211.165814,213.515561,207.548192,210.052360,60817223
AAPL,2023-08-01,208.777779,210.435377,208.690032,208.817848,39739963
AAPL,2023-08-02,207.884403,209.286088,202.940574,205.320475,28424890
AAPL,2023-08-03,205.479081,208.994284,203.080638,208.860700,49810326
AAPL,2023-08-04,208.114949,209.806634,205.853111,207.871996,46771679
AAPL,2023-08-07,207.174351,210.611039,205.665432,207.566460,72836761
AAPL,2023-08-08,208.622029,209.910501,205.937704,208.741135,34024789
AAPL,2023-08-09,209.197074,212.867397,206.288960,211.762618,66117679
AAPL,2023-08-10,210.867689,212.678154,210.186633,211.114184,57595524
AAPL,2023-08-11,210.401187,212.303213,210.212698,212.228801,60208062
AAPL,2023-08-14,213.250026,215.111220,210.122873,210.903776,38342388
AAPL,2023-08-15,211.269468,216.090843,209.085575,213.064329,46744753
AAPL,2023-08-16,213.141738,218.902428,211.403057,216.325869,49510265
AAPL,2023-08-17,217.374828,220.649756,212.848848,215.724819,68227550
AAPL,2023-08-18,215.605450,218.366603,213.973775,214.950983,67059978
AAPL,2023-08-21,215.996085,216.636082,215.381873,215.389161,30605727
AAPL,2023-08-22,216.248920,216.333462,211.057002,213.377262,30401900
AAPL,2023-08-23,213.473617,219.993582,212.137043,216.930622,34941454
AAPL,2023-08-24,216.662824,221.629836,214.443412,219.254385,70781666
AAPL,2023-08-25,218.020586,222.821871,215.445375,220.342898,60218482
AAPL,2023-08-28,219.326338,224.803308,217.075906,222.633838,61675409
AAPL,2023-08-29,223.869874,226.658951,222.702440,223.073126,44536326
AAPL,2023-08-30,223.259487,227.924568,221.050327,225.107201,40536304
AAPL,2023-08-31,224.813436,227.144595,220.908679,223.954257,33477056
AAPL,2023-09-01,224.232390,227.268216,223.481869,224.000931,39093620
AAPL,2023-09-05,224.245180,227.739395,223.368318,226.343524,63353682
AAPL,2023-09-06,226.034008,226.371246,221.261749,223.300546,63139791
AAPL,2023-09-07,222.208717,223.878614,221.135945,222.250397,58345984
AAPL,2023-09-08,222.064604,225.500594,220.580522,224.826478,69350455
AAPL,2023-09-11,223.585301,226.166463,221.131743,225.691351,71201534
AAPL,2023-09-12,224.448753,227.620690,222.507620,224.556337,35166752
AAPL,2023-09-13,223.555282,223.836707,222.356571,223.104029,66226508
AAPL,2023-09-14,221.931994,226.434337,218.901249,224.482602,63128541
AAPL,2023-09-15,223.006764,225.759273,220.794791,224.650308,45712782
AAPL,2023-09-18,223.835715,228.918305,221.963406,226.039148,62281598
AAPL,2023-09-19,224.682127,225.441475,220.381692,221.677792,43744661
AAPL,2023-09-20,221.788031,224.735819,218.726561,221.811191,57391207
AAPL,2023-09-21,220.428517,221.926819,216.947816,219.019599,37500489
AAPL,2023-09-22,219.319049,223.479539,216.685442,220.914258,38678950
AAPL,2023-09-25,221.854316,225.942281,220.924478,222.453733,46711231
AAPL,2023-09-26,221.081380,223.924874,216.667568,218.802623,55658852
AAPL,2023-09-27,217.635048,220.433018,212.298231,214.824144,57860031
AAPL,2023-09-28,215.571392,219.179688,213.304648,216.742489,33383448
AAPL,2023-09-29,216.722378,219.250535,212.425044,213.223578,36003593
AAPL,2023-10-02,214.257918,216.667254,210.700110,213.106677,59019682
AAPL,2023-10-03,213.532664,217.838635,211.140165,215.252459,40768120
AAPL,2023-10-04,214.412117,215.667588,211.054169,213.199023,50158928
AAPL,2023-10-05,214.545691,217.618701,212.027240,213.532147,67119426
AAPL,2023-10-06,213.134338,215.551540,212.223929,215.124041,60624831
AAPL,2023-10-09,214.760970,219.532349,211.886431,216.502018,56928701
AAPL,2023-10-10,216.317106,217.956683,215.003731,217.444215,43776978
AAPL,2023-10-11,216.491855,219.601981,213.488706,219.021728,33152291
AAPL,2023-10-12,219.077699,221.735609,216.106461,220.890526,28417854
AAPL,2023-10-13,221.140547,223.825924,220.926986,222.472858,57615726
AAPL,2023-10-16,223.449746,224.874883,222.440454,223.349274,31394864
AAPL,2023-10-17,222.310448,223.880161,220.506759,222.565519,44939100
AAPL,2023-10-18,223.503726,228.282914,222.271097,226.979886,56848591
AAPL,2023-10-19,226.760717,228.646684,226.600462,227.119061,70062803
AAPL,2023-10-20,227.538396,231.162825,225.336649,228.621250,53792843
AAPL,2023-10-23,228.338581,231.287673,226.095210,226.885481,48129445
AAPL,2023-10-24,226.337489,227.997294,224.280130,226.961267,64321412
AAPL,2023-10-25,228.387083,232.618970,227.627933,229.560134,50149720
AAPL,2023-10-26,229.968187,235.834662,227.290490,232.745639,41220834
AAPL,2023-10-27,231.931949,235.550776,228.150494,231.265882,72926814
AAPL,2023-10-30,231.841446,236.383954,229.004418,236.077740,57127831
AAPL,2023-10-31,237.111814,240.281130,231.977826,234.184227,50135842
AAPL,2023-11-01,233.775109,234.780327,230.637485,233.729628,34604477
AAPL,2023-11-02,234.814166,239.518971,232.336899,236.195142,28251675
AAPL,2023-11-03,237.425150,238.074615,236.091700,237.511784,72613503
AAPL,2023-11-06,238.556082,240.518428,237.949178,238.476354,27190385
AAPL,2023-11-07,239.839641,240.140084,238.452362,239.117717,72860561
AAPL,2023-11-08,238.095037,239.627191,232.851269,235.939358,28076435
AAPL,2023-11-09,237.494655,243.877980,236.722084,240.958219,30329587
AAPL,2023-11-10,242.257411,245.896706,241.958755,245.197880,70469565
AAPL,2023-11-13,244.107096,249.310853,241.697945,246.978616,29071833
AAPL,2023-11-14,248.689322,253.572985,246.714207,251.895524,41682279
AAPL,2023-11-15,250.388216,255.864527,247.077485,254.161627,67918488
AAPL,2023-11-16,255.634641,259.362236,253.146430,254.370066,60490621
AAPL,2023-11-17,253.632784,254.948526,251.723554,252.935102,74271170
AAPL,2023-11-20,253.662129,260.083702,251.584675,257.588976,71587882
AAPL,2023-11-21,258.384167,262.472771,257.103095,259.429742,30483978
AAPL,2023-11-22,260.489165,267.762894,257.770059,263.967994,42552712
AAPL,2023-11-24,264.264346,269.459270,262.988702,265.509105,59585140
AAPL,2023-11-27,265.043820,269.513364,264.252129,268.693184,58899989
AAPL,2023-11-28,270.527687,277.163979,268.559220,274.460979,58195685
AAPL,2023-11-29,274.073770,276.613885,270.829018,275.057562,63954693
AAPL,2023-11-30,273.167491,273.885738,269.697330,272.992364,55486930
AAPL,2023-12-01,272.108985,272.190473,269.765856,271.941802,71835882
AAPL,2023-12-04,272.908045,273.047569,268.531494,271.989129,52877961
AAPL,2023-12-05,271.934317,272.496474,267.307096,267.547041,60759762
AAPL,2023-12-06,267.440613,268.178842,262.998384,266.505371,26908649
AAPL,2023-12-07,268.271074,272.122965,266.016807,269.063431,49167712
AAPL,2023-12-08,270.721216,273.488381,267.352078,270.396422,40333125
AAPL,2023-12-11,270.929719,272.378453,267.634101,269.302318,55856985
AAPL,2023-12-12,270.795017,273.325937,268.131282,270.510253,42963011
AAPL,2023-12-13,271.598718,276.833944,268.917142,273.201203,62338714
AAPL,2023-12-14,274.034743,280.808252,272.910091,276.530641,49149080
AAPL,2023-12-15,277.757693,280.153018,272.649857,274.673073,30069690
AAPL,2023-12-18,273.935099,274.785388,269.965278,270.601379,32024387
AAPL,2023-12-19,270.548256,271.734279,264.770687,267.609423,56001287
AAPL,2023-12-20,269.320010,270.926868,267.849100,270.758587,58741302
AAPL,2023-12-21,269.239966,273.021662,268.705239,271.306129,40060748
AAPL,2023-12-22,270.291563,273.583818,268.549569,272.533535,72919233
AAPL,2023-12-26,273.588668,278.399363,272.282408,276.966588,54726962
AAPL,2023-12-27,276.679433,279.175217,275.370617,275.945953,53379212
AAPL,2023-12-28,276.653800,279.968782,273.257980,273.591296,64784712
AAPL,2023-12-29,271.970425,274.366286,270.315362,271.345718,64975900
AAPL,2024-01-02,269.567569,269.949014,265.712121,267.155428,59638233
AAPL,2024-01-03,267.229315,267.637539,261.590369,264.650305,38946917
AAPL,2024-01-04,263.747131,266.173282,257.050803,260.683380,34236849
AAPL,2024-01-05,260.256738,260.502842,253.597895,256.738282,31683810
AAPL,2024-01-08,255.390232,260.470074,253.304930,259.352916,70712268
AAPL,2024-01-09,259.407052,266.347117,257.855021,262.987050,35188324
AAPL,2024-01-10,262.038053,264.322219,258.754428,263.014728,74249034
AAPL,2024-01-11,261.538934,263.551691,260.865263,261.168130,68712012
AAPL,2024-01-12,260.963001,264.155613,260.172282,262.253986,58506497
AAPL,2024-01-16,262.740720,269.684205,261.933308,266.650574,68186635
AAPL,2024-01-17,267.054400,269.391192,266.212558,267.603248,53082524
AAPL,2024-01-18,266.658937,267.252277,262.563931,265.857117,63037109
AAPL,2024-01-19,265.547121,267.238569,262.898058,264.017963,57056073
AAPL,2024-01-22,263.709831,266.431591,262.913753,263.015958,55828214
AAPL,2024-01-23,261.865400,262.903937,259.105823,260.290326,71567607
AAPL,2024-01-24,260.808760,261.730312,259.206395,259.620488,41930568
AAPL,2024-01-25,258.247176,258.259161,254.034398,254.698770,33693207
AAPL,2024-01-26,253.612082,254.964212,252.175230,254.494575,67000829
AAPL,2024-01-29,255.291755,257.520268,250.473330,252.822650,46540125
AAPL,2024-01-30,252.945818,260.819826,249.826621,256.804353,54555393
AAPL,2024-01-31,257.940574,261.780178,254.443210,257.981261,67538378
AAPL,2024-02-01,258.490075,262.365581,253.299940,256.874731,55276270
AAPL,2024-02-02,255.386646,258.781512,254.229069,258.124155,53324874
AAPL,2024-02-05,257.554918,260.149368,253.174334,255.695898,36922186
AAPL,2024-02-06,255.518509,257.741150,254.000725,257.681921,36413421
AAPL,2024-02-07,258.384458,263.405479,255.963542,261.800608,51827337
AAPL,2024-02-08,261.296544,264.617172,258.347903,260.189643,33015872
AAPL,2024-02-09,261.417487,269.342878,259.399742,265.102439,26954573
AAPL,2024-02-12,265.156356,265.645181,260.959904,262.014387,39926486
AAPL,2024-02-13,261.541299,265.564180,260.536356,265.387153,38329213
AAPL,2024-02-14,266.425154,272.037965,266.170320,268.241346,74303517
AAPL,2024-02-15,268.023890,268.581271,263.946854,264.820677,52414010
AAPL,2024-02-16,265.838160,271.459455,265.653569,268.131686,62478876
AAPL,2024-02-20,267.030663,270.296351,263.843120,264.013906,28595204
AAPL,2024-02-21,264.592417,268.441551,260.383881,261.746570,43598601
AAPL,2024-02-22,261.844830,267.681595,258.610617,265.947064,34433961
AAPL,2024-02-23,266.844297,273.335386,264.370061,269.110136,31943755
AAPL,2024-02-26,268.629167,270.995203,268.464018,269.503230,35696854
AAPL,2024-02-27,270.804979,273.985337,265.859330,269.392583,37203215
AAPL,2024-02-28,270.667220,274.824658,267.387250,268.916574,61413454
AAPL,2024-02-29,270.583766,270.908224,267.616168,270.830730,49766738
AAPL,2024-03-01,271.626528,277.494014,270.990429,273.871927,45318438
AAPL,2024-03-04,273.315121,276.839665,269.295331,271.911218,69278517
AAPL,2024-03-05,271.758051,273.217459,270.699178,271.507675,56020013
AAPL,2024-03-06,270.875219,274.989719,268.860140,270.593616,52238347
AAPL,2024-03-07,269.504859,274.927688,267.283708,272.504903,32095834
AAPL,2024-03-08,271.068038,273.901227,268.064026,272.688446,61359385
AAPL,2024-03-11,274.379184,279.551496,272.192662,276.291920,30051959
AAPL,2024-03-12,275.946968,281.175332,274.507998,279.347000,46688353
AAPL,2024-03-13,280.180692,282.019652,276.591806,279.245779,67689758
AAPL,2024-03-14,277.797636,279.541495,271.802324,273.214246,59165939
AAPL,2024-03-15,273.187285,275.418574,271.833635,274.004753,69910089
AAPL,2024-03-18,275.442686,281.725377,275.133369,278.791497,62351981
AAPL,2024-03-19,279.944341,283.556275,276.342723,279.289760,53343386
AAPL,2024-03-20,278.526753,282.926656,276.285554,279.786650,38461938
AAPL,2024-03-21,279.235779,280.738619,276.237042,276.753047,71428736
AAPL,2024-03-22,278.326575,278.821058,270.455627,273.618688,71657999
AAPL,2024-03-25,272.450250,274.176217,267.167987,267.995735,61674343
AAPL,2024-03-26,269.668216,273.780706,265.090957,268.208681,65710056
AAPL,2024-03-27,269.390586,269.796788,262.121957,264.982578,70816193
AAPL,2024-03-28,264.569200,269.120288,261.339518,265.760118,53688678
AAPL,2024-04-01,264.664937,267.153495,258.153049,261.641425,28451074
AAPL,2024-04-02,261.936067,264.952107,260.730326,261.523545,55274028
AAPL,2024-04-03,261.033148,264.410156,260.942793,264.082594,62454521
AAPL,2024-04-04,264.664835,266.554629,262.949916,264.865940,47561630
AAPL,2024-04-05,266.183072,270.693184,262.581629,269.464942,43103583
AAPL,2024-04-08,269.436171,269.856294,266.415304,267.511249,56917675
AAPL,2024-04-09,265.966447,268.774941,260.012458,263.059639,30308729
AAPL,2024-04-10,263.427582,267.543557,259.306755,262.297822,55483515
AAPL,2024-04-11,263.649582,267.947929,260.923326,265.909394,50718552
AAPL,2024-04-12,265.367744,268.174310,262.186336,267.931024,51350800
AAPL,2024-04-15,266.867625,270.431513,266.068150,269.442939,67695325
AAPL,2024-04-16,268.257408,269.801457,265.344271,268.339372,51225632
AAPL,2024-04-17,269.014472,271.559047,265.719573,268.455369,46268831
AAPL,2024-04-18,269.119715,272.647983,267.558425,271.481986,67571967
AAPL,2024-04-19,271.111674,274.234846,267.890993,268.231333,40160251
AAPL,2024-04-22,269.198229,272.582622,269.020413,269.328683,73771375
AAPL,2024-04-23,267.510447,270.504215,262.742227,266.253625,29827307
AAPL,2024-04-24,264.465449,271.311091,263.077347,269.214620,55758142
AAPL,2024-04-25,268.274191,272.990449,267.138057,269.443472,34216181
AAPL,2024-04-26,270.036475,274.394017,269.650246,272.021875,61885571
AAPL,2024-04-29,273.230030,273.435700,268.683882,271.038456,59515147
AAPL,2024-04-30,269.828974,273.349811,267.533978,268.396943,65451222
AAPL,2024-05-01,266.697933,269.365275,264.075305,267.709644,62689208
AAPL,2024-05-02,265.903778,268.813679,265.171198,266.264004,57355692
AAPL,2024-05-03,266.201674,268.192982,263.467916,264.820288,30934412
AAPL,2024-05-06,265.924101,267.782976,262.979259,263.870173,42791432
AAPL,2024-05-07,265.044372,269.591056,264.400177,266.274980,53424894
AAPL,2024-05-08,267.392949,275.636509,266.971749,271.445361,72654941
AAPL,2024-05-09,272.467373,275.171757,267.971188,269.070825,71835055
AAPL,2024-05-10,267.497272,270.190465,263.104272,264.586930,60547597
AAPL,2024-05-13,263.060599,264.315574,260.078323,263.401309,56103700
AAPL,2024-05-14,263.011882,263.017308,260.375045,262.285953,34777209
AAPL,2024-05-15,263.323136,264.066515,260.774645,260.926480,52766279
AAPL,2024-05-16,261.415597,265.585674,258.964181,264.932662,30694293
AAPL,2024-05-17,263.133256,265.479329,260.534860,264.019842,37915794
AAPL,2024-05-20,263.583161,266.821966,262.983078,263.381772,36993917
AAPL,2024-05-21,264.820588,267.129795,262.176726,265.664684,38462289
AAPL,2024-05-22,265.783697,267.223178,261.371654,264.258150,73285867
AAPL,2024-05-23,265.208003,268.275247,264.987652,265.895310,42845226
AAPL,2024-05-24,265.016294,267.690007,261.216535,264.401141,38282721
AAPL,2024-05-28,264.514643,269.695178,264.285627,268.066526,60712403
AAPL,2024-05-29,266.812509,273.242812,266.468155,271.363392,39377338
AAPL,2024-05-30,270.349023,274.045136,264.905726,266.945582,61313485
AAPL,2024-05-31,266.019748,267.615562,265.524865,266.475149,34178103
AAPL,2024-06-03,265.375496,271.705115,263.399207,267.586571,53465545
AAPL,2024-06-04,267.595833,267.896524,264.736049,265.825325,57742172
AAPL,2024-06-05,266.429771,268.473951,265.855512,267.569820,72932430
AAPL,2024-06-06,267.352001,269.656037,262.210016,263.730245,54793828
AAPL,2024-06-07,262.480119,264.958721,256.711222,260.188328,34919115
AAPL,2024-06-10,261.084653,264.873229,254.072034,257.458055,51136925
AAPL,2024-06-11,257.531200,260.748870,250.738784,254.122576,65116594
AAPL,2024-06-12,255.705512,259.458269,252.245271,255.453209,29767283
AAPL,2024-06-13,255.574592,257.584924,252.035749,256.038429,57342229
AAPL,2024-06-14,256.369216,262.365872,255.940388,259.165490,67862771
AAPL,2024-06-17,260.272351,261.893234,258.533452,260.252412,34304859
AAPL,2024-06-18,261.403598,264.659047,260.295775,262.814915,51875685
AAPL,2024-06-20,264.506034,268.278003,261.281883,263.627171,33383334
AAPL,2024-06-21,263.738859,267.684991,261.013369,263.875493,70373901
AAPL,2024-06-24,264.818158,266.293324,262.276057,265.771872,36541520
AAPL,2024-06-25,267.052951,272.328534,265.133842,270.734897,47074170
AAPL,2024-06-26,272.369955,276.412261,267.076555,268.567129,39612206
AAPL,2024-06-27,270.054839,272.539457,269.287694,272.122783,42682791
AAPL,2024-06-28,271.767546,275.789716,268.921564,275.730440,30166705
AAPL,2024-07-01,275.897813,276.083167,270.971580,274.767696,30705752
AAPL,2024-07-02,274.410890,275.995320,268.617676,272.110209,30046313
AAPL,2024-07-03,272.597300,276.319714,270.583444,272.563040,42312356
AAPL,2024-07-05,273.069639,273.459753,266.060996,269.782022,33366187
AAPL,2024-07-08,271.345672,273.889637,267.561018,267.734037,29633159
AAPL,2024-07-09,267.508211,270.335669,266.839762,268.362660,64411556
AAPL,2024-07-10,269.993998,273.652204,268.018433,268.245005,26544973
AAPL,2024-07-11,268.448319,271.894735,265.370503,270.585668,27330560
AAPL,2024-07-12,271.762342,273.760636,269.325767,271.026691,58042544
AAPL,2024-07-15,272.322724,278.098613,270.112722,276.736506,55887391
AAPL,2024-07-16,276.019153,277.264125,273.523474,275.591957,62718375
AAPL,2024-07-17,275.452032,278.635346,273.207586,278.171685,55773793
AAPL,2024-07-18,280.071439,280.231103,274.399080,277.793081,66669071
AAPL,2024-07-19,276.442866,280.609000,274.602793,279.605875,71086317
AAPL,2024-07-22,280.196472,288.284982,276.622578,283.779726,56318428
AAPL,2024-07-23,284.389548,291.663725,282.682788,288.518056,71561163
AAPL,2024-07-24,287.128140,294.937269,286.246414,291.837699,37194379
AAPL,2024-07-25,291.534702,295.848721,291.498915,294.342607,67017745
AAPL,2024-07-26,293.556133,295.139437,289.065062,290.294836,62618781
AAPL,2024-07-29,291.455668,292.009298,284.885404,288.083763,53196557
AAPL,2024-07-30,288.580832,293.313874,285.119729,289.045946,69565910
AAPL,2024-07-31,289.421811,296.647127,288.167872,293.913001,73786239
AAPL,2024-08-01,293.776299,294.873630,291.589712,292.063419,51617384
AAPL,2024-08-02,292.874351,297.718519,292.471638,297.701530,61919153
AAPL,2024-08-05,297.092050,297.160871,294.539048,295.410054,33988131
AAPL,2024-08-06,295.130937,295.728715,293.359884,294.968718,67774135
AAPL,2024-08-07,293.352190,299.826559,289.516387,295.570289,72019892
AAPL,2024-08-08,296.756567,300.510503,293.973060,299.363596,66159473
AAPL,2024-08-09,299.436872,306.139335,298.033142,303.700227,51335609
AAPL,2024-08-12,303.275956,305.784514,300.372245,301.694758,40058532
AAPL,2024-08-13,301.273366,304.072951,297.355890,303.387724,44019934
AAPL,2024-08-14,302.748190,303.147778,302.004951,302.246668,44104817
AAPL,2024-08-15,303.780289,310.643576,302.277224,306.492301,53737979
AAPL,2024-08-16,307.946579,309.286448,303.444384,305.446754,56812659
AAPL,2024-08-19,304.980934,306.196714,297.953282,301.360549,54626267
AAPL,2024-08-20,301.538363,309.814505,300.641124,306.541032,71124060
AAPL,2024-08-21,306.480760,313.786727,302.551631,311.569151,49086778
AAPL,2024-08-22,310.849529,315.689904,310.520367,310.608974,72441618
AAPL,2024-08-23,309.515007,313.736973,305.768611,308.192661,73286791
AAPL,2024-08-26,309.605648,312.272560,308.189429,309.218268,62801840
AAPL,2024-08-27,310.662179,311.836756,310.422757,311.236953,37214155
AAPL,2024-08-28,310.084506,313.065638,305.986554,309.775893,36202501
AAPL,2024-08-29,309.679850,312.852745,307.369178,311.412541,33559457
AAPL,2024-08-30,309.507911,314.213463,303.094426,305.849818,56332107
AAPL,2024-09-03,303.723113,308.600012,303.336399,307.260034,73493460
AAPL,2024-09-04,307.655396,312.535399,302.316657,305.395846,29058880
AAPL,2024-09-05,306.813470,308.438270,303.676911,306.083586,38580034
AAPL,2024-09-06,306.589711,311.279417,301.246794,302.651064,53021056
AAPL,2024-09-09,303.432408,305.537492,301.451875,304.878166,27611699
AAPL,2024-09-10,302.942625,305.648967,302.688287,302.699792,35519679
AAPL,2024-09-11,304.219338,308.948260,303.218094,307.270376,28076757
AAPL,2024-09-12,305.798912,308.471937,298.270140,301.421460,40649429
AAPL,2024-09-13,300.607087,304.693049,293.396143,296.128634,37263876
AAPL,2024-09-16,295.825199,298.980740,292.034922,295.645993,71212411
AAPL,2024-09-17,294.816098,297.339059,292.755774,296.445441,32681857
AAPL,2024-09-18,298.476878,300.175295,293.915574,297.702000,58444197
AAPL,2024-09-19,296.588368,298.028279,292.674311,294.992055,28519201
AAPL,2024-09-20,293.188186,294.598062,286.620428,288.505383,54940799
AAPL,2024-09-23,289.633444,293.544149,289.024857,291.223524,41289952
AAPL,2024-09-24,289.616566,292.870343,288.121015,289.205197,35409614
AAPL,2024-09-25,287.436723,291.760067,281.271481,285.111533,46609178
AAPL,2024-09-26,283.500752,287.655709,280.570094,280.910308,73976766
AAPL,2024-09-27,280.913693,281.228149,276.134442,279.942280,55213325
AAPL,2024-09-30,279.246017,283.606655,272.960957,275.269594,56767645
AAPL,2024-10-01,274.861963,279.214630,272.723408,272.839617,32887560
AAPL,2024-10-02,272.035655,274.728779,269.762658,270.147873,71336803
AAPL,2024-10-03,271.633766,273.972091,266.675348,268.681953,50884071
AAPL,2024-10-04,267.341070,272.375110,265.932776,269.607684,45257772
AAPL,2024-10-07,269.967822,273.542830,264.600799,268.105573,47712195
AAPL,2024-10-08,266.642918,269.803922,264.170746,269.554561,59792710
AAPL,2024-10-09,269.232790,273.395776,265.777830,270.790302,64853118
AAPL,2024-10-10,269.852692,272.849581,268.577301,271.243488,64046176
AAPL,2024-10-11,271.021896,274.669579,267.282765,272.876556,30998728
AAPL,2024-10-14,271.349680,278.512630,269.293048,275.534257,59366716
AAPL,2024-10-15,277.354623,279.152326,271.689993,275.081728,50836132
AAPL,2024-10-16,276.097453,276.395642,272.288894,273.022060,59994289
AAPL,2024-10-17,273.692435,278.056062,267.815298,271.469872,28196190
AAPL,2024-10-18,272.591371,274.479682,269.944677,273.582681,71060969
AAPL,2024-10-21,274.137154,278.078512,269.893260,270.801689,34556284
AAPL,2024-10-22,271.282036,276.017856,268.739544,272.471732,38036721
AAPL,2024-10-23,273.722114,276.340377,270.446169,272.263216,45434460
AAPL,2024-10-24,273.071623,275.492031,270.860224,272.194336,27571403
AAPL,2024-10-25,272.895551,273.983737,269.868422,271.620099,48133900
AAPL,2024-10-28,272.862835,281.489416,271.443271,277.157336,37418571
AAPL,2024-10-29,278.619148,282.522604,274.743592,276.915472,53593601
AAPL,2024-10-30,275.642258,282.019705,272.808854,279.917446,57735981
AAPL,2024-10-31,281.782082,288.610410,278.811621,285.684152,57772987
AAPL,2024-11-01,284.758153,289.786756,284.279731,289.672378,60542103
AAPL,2024-11-04,289.955800,291.919209,283.998879,287.310914,49045069
AAPL,2024-11-05,289.185783,293.161853,286.263428,290.289856,69467312
AAPL,2024-11-06,290.004599,290.143696,287.892745,288.543111,62494629
AAPL,2024-11-07,288.479764,292.113663,284.480504,287.543611,69172801
AAPL,2024-11-08,287.506993,294.008390,284.053886,291.001894,42814799
AAPL,2024-11-11,289.552538,294.273295,289.443919,289.729251,67919643
AAPL,2024-11-12,291.729335,295.564164,289.980880,292.281028,73667260
AAPL,2024-11-13,292.526535,293.794124,289.961289,292.862026,30754798
AAPL,2024-11-14,291.619545,295.142716,288.532015,291.933441,53918169
AAPL,2024-11-15,291.623704,294.836346,286.159711,289.151649,45640228
AAPL,2024-11-18,288.112399,291.259057,284.953767,287.557159,33083815
AAPL,2024-11-19,289.230074,294.207432,288.801239,290.597448,57585683
AAPL,2024-11-20,288.586355,294.220094,284.969360,293.712384,50616834
AAPL,2024-11-21,291.669014,294.998392,289.795042,290.989447,69455066
AAPL,2024-11-22,292.064178,293.721444,287.397321,291.311828,27335751
AAPL,2024-11-25,292.673008,294.625516,292.544131,292.969521,69600678
AAPL,2024-11-26,291.983381,293.237110,289.288093,290.804387,35347433
AAPL,2024-11-27,291.931856,293.388209,291.133002,293.265981,48839022
AAPL,2024-11-29,294.311456,302.764397,290.889711,298.718575,64233947
AAPL,2024-12-02,300.292010,305.159656,296.806265,301.140725,55516196
AAPL,2024-12-03,299.649131,302.603242,291.766694,294.807206,49072183
AAPL,2024-12-04,293.726101,294.358350,290.372308,290.732369,26520318
AAPL,2024-12-05,291.063352,292.537049,288.441620,292.430367,33026477
AAPL,2024-12-06,292.748969,300.796684,290.123460,296.128864,51082765
AAPL,2024-12-09,295.722942,297.320316,291.675387,295.411054,26801335
AAPL,2024-12-10,295.676702,296.305884,291.393164,295.447648,68069401
AAPL,2024-12-11,294.271989,296.085660,291.568797,295.347370,50163257
AAPL,2024-12-12,293.527703,296.001755,286.103203,289.619956,69197341
AAPL,2024-12-13,289.532875,289.857729,284.425175,286.003407,72037508
AAPL,2024-12-16,286.668852,289.867173,283.792279,286.866674,39222182
AAPL,2024-12-17,287.957973,290.759090,281.349094,283.587892,60357571
AAPL,2024-12-18,283.402953,283.598040,279.575747,282.905902,36624979
AAPL,2024-12-19,284.876203,287.757981,279.151890,280.306366,49891905
AAPL,2024-12-20,279.163239,280.786013,277.593947,277.693987,51687657
AAPL,2024-12-23,278.036377,281.856777,277.279779,281.428614,70694468
AAPL,2024-12-24,280.529448,284.486334,278.283506,282.343116,44079893
AAPL,2024-12-26,282.641810,289.703402,280.411884,285.262202,50622395
AAPL,2024-12-27,286.743291,291.607582,283.893941,287.497917,66189898
AAPL,2024-12-30,287.751823,289.469104,287.082836,287.478294,55536035
AAPL,2024-12-31,285.969070,286.927304,281.126846,284.239763,28415886
AAPL,2025-01-02,283.620942,287.226831,280.729760,283.097612,71343478
AAPL,2025-01-03,282.547807,286.345706,279.315604,284.766341,33494419
AAPL,2025-01-06,285.535271,288.449751,285.332564,286.565131,69973546
AAPL,2025-01-07,286.223986,286.406895,279.996109,282.653677,33676152
AAPL,2025-01-08,283.625843,286.123085,280.618829,281.301802,59658114
AAPL,2025-01-10,283.089047,286.569028,276.246632,279.644511,46168920
AAPL,2025-01-13,277.753451,282.669008,274.916197,280.918891,65576486
AAPL,2025-01-14,282.503316,285.317824,282.018443,283.067395,49752455
AAPL,2025-01-15,282.780357,288.648654,282.079435,285.125646,34961443
AAPL,2025-01-16,285.362815,290.189489,283.506930,289.150243,33828402
AAPL,2025-01-17,288.843884,291.820341,288.494475,291.376111,66188448
AAPL,2025-01-21,290.516994,292.056497,288.023078,289.230784,71403688
AAPL,2025-01-22,288.516580,295.728752,285.501517,291.387905,63166362
AAPL,2025-01-23,291.794475,297.390463,288.266531,295.602734,34614662
AAPL,2025-01-24,293.627426,296.197355,292.326621,293.042277,29519909
AAPL,2025-01-27,291.803949,296.130257,288.399213,295.392988,72383800
AAPL,2025-01-28,294.313500,298.389451,291.320109,297.054664,64600994
AAPL,2025-01-29,295.797948,300.171546,294.397978,296.847704,71660156
AAPL,2025-01-30,294.872680,299.228703,292.761653,294.624378,28287875
AAPL,2025-01-31,293.399799,295.819558,292.129899,292.434534,33429098
AAPL,2025-02-03,292.533287,296.246218,290.186012,294.396861,70828018
AAPL,2025-02-04,294.202138,297.553602,290.393882,292.060119,67286248
AAPL,2025-02-05,291.462617,296.190430,288.109677,295.591947,52652406
AAPL,2025-02-06,296.794197,301.049756,296.032981,296.321447,30854934
AAPL,2025-02-07,297.000172,298.594239,296.589885,297.027968,70135881
AAPL,2025-02-10,298.323817,303.032000,297.217977,298.744919,47685818
AAPL,2025-02-11,298.421391,305.365404,294.531765,302.662117,43700018
AAPL,2025-02-12,302.221940,304.380083,297.627912,298.731007,68511751
AAPL,2025-02-13,300.227626,307.284426,297.292758,304.040635,33451888
AAPL,2025-02-14,305.346086,306.163753,300.865454,305.037319,38840264
AAPL,2025-02-18,306.265587,315.978323,304.185576,311.325899,59723948
AAPL,2025-02-19,313.104747,316.136089,312.664030,314.032020,67850519
AAPL,2025-02-20,315.906216,323.483395,311.710749,319.349459,52427157
AAPL,2025-02-21,320.119012,320.306265,316.286874,317.570220,26420861
AAPL,2025-02-24,318.161101,324.012251,315.479130,322.890651,57051311
AAPL,2025-02-25,321.881104,326.334793,317.446516,323.215692,58847538
AAPL,2025-02-26,321.450766,323.041685,314.426038,317.625705,53443459
AAPL,2025-02-27,318.098180,327.964527,317.622807,323.416978,28424507
AAPL,2025-02-28,322.448733,327.754406,320.338712,322.602341,27167120
AAPL,2025-03-03,320.887416,323.400434,319.517283,322.045613,50538616
AAPL,2025-03-04,322.503369,326.409154,321.652402,325.670850,51291929
AAPL,2025-03-05,326.559741,333.218658,322.020872,328.375216,53293841
AAPL,2025-03-06,327.087258,332.993395,323.396725,328.270727,43885182
AAPL,2025-03-07,328.133518,331.314272,325.916494,329.505508,31912626
AAPL,2025-03-10,331.263531,332.549839,329.412196,331.852855,46273649
AAPL,2025-03-11,333.069414,338.910931,331.935337,334.304593,64271734
AAPL,2025-03-12,333.092334,337.882066,328.721033,333.452465,74315877
AAPL,2025-03-13,331.316818,338.662137,330.263832,333.519598,37914433
AAPL,2025-03-14,332.052160,337.336144,329.673828,330.855374,72472111
AAPL,2025-03-17,331.600241,335.188945,329.816785,333.922739,34740155
AAPL,2025-03-18,335.430602,338.483785,333.410699,337.528109,43380800
AAPL,2025-03-19,338.380259,340.900381,333.806578,336.036113,35307203
AAPL,2025-03-20,336.934190,340.671830,330.702624,331.108330,52947553
AAPL,2025-03-21,332.390084,339.660399,331.647100,334.497870,47293414
AAPL,2025-03-24,335.806703,337.130166,328.438959,331.311470,29624289
AAPL,2025-03-25,332.953995,335.738342,327.935745,331.160181,67144078
AAPL,2025-03-26,329.917717,330.207356,328.353765,329.230047,41603170
AAPL,2025-03-27,330.375998,333.857733,325.898287,327.461233,65295781
AAPL,2025-03-28,328.574076,332.380434,326.252021,329.481511,50071824
AAPL,2025-03-31,328.850935,329.318175,321.477587,323.927950,50599233
AAPL,2025-04-01,324.581160,329.059687,317.670923,321.995851,51473198
AAPL,2025-04-02,322.830999,326.147425,313.571181,317.731175,73673476
AAPL,2025-04-03,316.103554,323.533443,312.586063,319.687638,55885295
AAPL,2025-04-04,320.261518,321.656504,320.236236,320.674976,26908305
AAPL,2025-04-07,318.643406,323.067371,315.138233,317.505676,73182879
AAPL,2025-04-08,316.978011,322.949493,314.217252,318.969262,49691037
AAPL,2025-04-09,319.394502,321.235212,317.704312,318.196949,52565158
AAPL,2025-04-10,316.921446,323.347823,314.282491,319.058886,42168201
AAPL,2025-04-11,319.767879,321.971258,318.834446,319.116151,35330290
AAPL,2025-04-14,318.254637,320.950588,315.227175,317.429897,52462061
AAPL,2025-04-15,315.536424,321.268561,312.808254,318.773509,30449450
AAPL,2025-04-16,318.659405,323.795807,317.931234,320.886861,49746270
AAPL,2025-04-17,322.921728,327.945390,322.813122,324.125019,46540063
AAPL,2025-04-21,323.598105,329.282788,321.604788,324.883306,59944324
AAPL,2025-04-22,322.703368,324.104722,317.926600,320.617522,27259697
AAPL,2025-04-23,320.453818,323.612056,318.631334,321.773139,45048867
AAPL,2025-04-24,320.681697,328.617570,319.867386,324.477560,70938964
AAPL,2025-04-25,325.884502,331.371181,322.612665,326.986188,58169270
AAPL,2025-04-28,326.523438,330.941265,323.140830,327.031897,32443678
AAPL,2025-04-29,327.003745,337.789100,326.128730,332.473774,31399275
AAPL,2025-04-30,330.636430,334.267805,329.231351,329.812715,72803356
AAPL,2025-05-01,329.601768,331.822500,326.857387,330.210090,35455880
AAPL,2025-05-02,330.031100,335.455663,329.439699,333.802785,31065079
AAPL,2025-05-05,336.109762,341.685246,335.227217,341.125495,51775014
AAPL,2025-05-06,343.140126,353.098961,340.710356,349.115821,46128536
AAPL,2025-05-07,349.535248,352.667923,348.058665,348.507474,74358915
AAPL,2025-05-08,348.490191,350.321328,347.257349,350.134527,64990016
AAPL,2025-05-09,350.363352,352.606889,347.917875,350.842720,53154520
AAPL,2025-05-12,352.719005,361.964215,350.991266,359.157408,28869943
AAPL,2025-05-13,361.402907,363.770588,360.533766,362.805026,74101530
AAPL,2025-05-14,365.335460,368.060681,358.482532,361.023748,57120433
AAPL,2025-05-15,359.797716,362.623700,355.301257,356.528754,34223198
AAPL,2025-05-16,354.063116,356.964182,353.455825,356.475229,69606249
AAPL,2025-05-19,356.191840,359.696671,351.417737,356.923595,40242269
AAPL,2025-05-20,359.224987,363.300396,350.205276,354.858969,68424374
AAPL,2025-05-21,356.509818,366.817110,354.949471,361.926451,27188855
AAPL,2025-05-22,363.592291,368.226986,361.554841,363.868685,30374315
AAPL,2025-05-23,366.244809,372.344626,362.135155,371.296727,66326432
AAPL,2025-05-27,370.009298,375.132258,367.235941,368.986858,37513132
AAPL,2025-05-28,366.492376,371.129404,362.922862,369.190369,52456500
AAPL,2025-05-29,367.731584,372.735430,363.620719,365.213305,33426030
AAPL,2025-05-30,363.201281,363.392017,361.647809,363.102898,56271817
AAPL,2025-06-02,361.951360,363.030600,355.310559,359.476293,32515274
AAPL,2025-06-03,358.378249,362.828574,353.191164,354.046283,52912527
AAPL,2025-06-04,352.405561,358.511075,351.768468,358.179815,67657018
AAPL,2025-06-05,359.582016,369.151103,357.157778,364.457484,64238834
AAPL,2025-06-06,363.677315,370.786286,360.975269,367.896237,40997538
AAPL,2025-06-09,369.918947,373.257419,363.077891,364.270213,66568272
AAPL,2025-06-10,365.076983,370.339320,359.034623,362.370642,66457231
AAPL,2025-06-11,359.993631,367.290340,359.787629,362.127632,28735003
AAPL,2025-06-12,362.380240,366.368809,361.689520,362.161229,63682608
AAPL,2025-06-13,363.495713,368.186838,357.341621,359.790416,44312934
AAPL,2025-06-16,361.685025,362.869646,356.064435,357.585910,52733402
AAPL,2025-06-17,357.748879,358.833335,352.932712,358.585535,41703817
AAPL,2025-06-18,360.763184,363.526170,357.070369,357.243308,41713759
AAPL,2025-06-20,358.360033,361.585938,353.455088,359.540687,27525891
AAPL,2025-06-23,359.166107,360.552425,354.265820,360.072172,54853387
AAPL,2025-06-24,360.234315,367.379181,359.786080,364.606401,49347984
AAPL,2025-06-25,363.806430,371.841485,362.680624,368.485159,71216385
AAPL,2025-06-26,366.415450,368.862171,365.649614,368.179768,68298369
AAPL,2025-06-27,367.192725,369.843524,364.080485,365.038565,37262372
AAPL,2025-06-30,363.942383,364.033929,357.854939,361.348456,53437048
SPY,2023-07-03,561.201024,567.596918,556.886293,558.275359,57988529
SPY,2023-07-05,561.500656,574.780544,556.316957,570.145249,58933101
SPY,2023-07-06,573.400100,585.837194,567.807270,577.350715,60055768
SPY,2023-07-07,579.845503,593.932194,575.861239,587.534128,37034365
SPY,2023-07-10,584.164163,586.293421,580.238329,582.631686,36851064
SPY,2023-07-11,581.687782,581.843550,569.080409,575.375717,65532786
SPY,2023-07-12,575.771023,584.971777,564.417956,568.038643,51004503
SPY,2023-07-13,566.107357,572.565939,562.732631,567.203110,73776632
SPY,2023-07-14,564.370727,571.719572,564.228394,571.159190,33308352
SPY,2023-07-17,573.485919,576.309600,572.363351,573.168526,70086176
SPY,2023-07-18,574.937916,575.257767,566.807602,574.490358,36643336
SPY,2023-07-19,577.584609,584.488364,577.201722,584.277569,66354682
SPY,2023-07-20,582.282558,600.253571,577.851109,591.133259,50374116
SPY,2023-07-21,587.666641,601.905017,585.109099,593.475704,36690543
SPY,2023-07-24,593.355965,606.803413,592.769158,597.745921,54353229
SPY,2023-07-25,594.499447,608.555857,592.688174,602.538162,68303817
SPY,2023-07-26,599.910013,603.860674,591.879081,602.633678,43685486
SPY,2023-07-27,606.777709,616.479819,603.584978,613.885090,67021077
SPY,2023-07-28,615.160178,624.994478,605.232386,613.247949,28206566
SPY,2023-07-31,614.451574,631.744329,610.277492,622.293987,34375958
SPY,2023-08-01,620.371712,627.976939,613.050121,621.208892,74032836
SPY,2023-08-02,619.961979,626.578757,610.329000,615.708495,38731579
SPY,2023-08-03,613.877562,624.534869,612.224526,619.360057,29856868
SPY,2023-08-04,617.278005,626.453977,607.139646,613.279723,30407623
SPY,2023-08-07,611.950326,618.696088,611.932397,614.786976,59707017
SPY,2023-08-08,616.954519,620.788151,610.416537,613.722006,50871758
SPY,2023-08-09,617.137121,618.402600,614.964665,616.081958,33972447
SPY,2023-08-10,612.290474,626.891330,606.021594,618.489063,34774824
SPY,2023-08-11,620.419909,630.169644,610.306079,613.164656,60429595
SPY,2023-08-14,614.557837,615.227708,606.019823,609.632924,32524253
SPY,2023-08-15,605.582030,614.704662,602.661753,605.707892,57104628
SPY,2023-08-16,608.811005,624.467924,605.719526,616.803907,70263001
SPY,2023-08-17,616.591534,628.588188,614.555732,622.634128,27881719
SPY,2023-08-18,623.873067,631.459978,617.798628,626.401022,68114513
SPY,2023-08-21,626.815798,639.510151,618.467298,634.212528,62131170
SPY,2023-08-22,638.451993,645.164582,633.686853,638.547217,45430120
SPY,2023-08-23,634.272668,645.959941,633.407102,640.743465,28097249
SPY,2023-08-24,637.694584,646.040660,636.055885,637.690315,65096648
SPY,2023-08-25,641.901136,649.827566,633.213421,637.657873,51665509
SPY,2023-08-28,638.092711,645.122082,635.540646,640.370969,68791058
SPY,2023-08-29,642.275105,655.813151,636.046095,645.573316,42235764
SPY,2023-08-30,641.843163,650.103443,634.388452,649.662857,47968379
SPY,2023-08-31,648.862384,655.399063,645.379118,645.885628,51072443
SPY,2023-09-01,642.935164,646.033657,627.802837,635.656977,51401409
SPY,2023-09-05,632.182622,647.619955,627.060469,638.494388,32501085
SPY,2023-09-06,634.286349,644.456934,626.831828,639.547944,71818221
SPY,2023-09-07,636.138648,641.550296,628.640180,630.311843,36980889
SPY,2023-09-08,630.441095,631.336294,622.109798,625.352963,71668820
SPY,2023-09-11,629.676625,641.116170,622.531586,636.123839,41220921
SPY,2023-09-12,640.188485,649.835105,632.505458,645.822660,34858015
SPY,2023-09-13,647.759436,649.054910,635.370909,642.108381,75434332
SPY,2023-09-14,638.042749,641.648939,634.719513,636.970279,48469998
SPY,2023-09-15,635.705649,641.065318,623.195410,628.085113,54353279
SPY,2023-09-18,631.031850,639.484461,615.519121,622.423917,73643937
SPY,2023-09-19,622.519407,633.544239,616.386558,630.083100,64069600
SPY,2023-09-20,627.925563,631.836124,624.750670,626.126825,73901500
SPY,2023-09-21,629.700893,635.541955,619.587180,623.418969,58935259
SPY,2023-09-22,620.913428,628.897802,610.661514,613.282767,31939103
SPY,2023-09-25,613.896219,614.850699,600.693930,604.498667,52964579
SPY,2023-09-26,607.401134,618.623661,601.916966,613.187626,74242447
SPY,2023-09-27,616.019295,617.403773,600.089396,605.915210,50239847
SPY,2023-09-28,609.826637,618.044255,606.693915,608.566685,34420913
SPY,2023-09-29,607.564859,608.836502,604.869614,607.925286,73045504
SPY,2023-10-02,610.543718,616.818224,595.989132,600.563484,27957263
SPY,2023-10-03,603.509347,604.017249,599.107403,602.588266,50656353
SPY,2023-10-04,603.663435,618.485098,600.466088,609.683181,43686231
SPY,2023-10-05,607.932251,623.935218,606.133116,618.473059,30194437
SPY,2023-10-06,617.941297,623.301947,609.841480,613.737197,70816591
SPY,2023-10-09,616.671469,628.675919,611.408313,626.708360,67560097
SPY,2023-10-10,623.221983,624.463208,610.896200,616.984390,64257556
SPY,2023-10-11,613.675509,631.041196,608.489490,622.773254,39447575
SPY,2023-10-12,623.429467,629.689781,620.539439,623.214728,75464490
SPY,2023-10-13,623.190593,628.777468,615.757178,621.717399,27686985
SPY,2023-10-16,622.180091,629.064121,613.375562,617.626241,72543286
SPY,2023-10-17,617.631567,619.869776,607.182072,609.873111,66924994
SPY,2023-10-18,611.607540,617.366142,607.041348,608.197874,69010050
SPY,2023-10-19,611.107278,617.235052,605.880431,616.313999,31778586
SPY,2023-10-20,619.108750,619.739851,611.014056,612.515420,37955208
SPY,2023-10-23,608.340849,621.903280,601.474969,617.171397,62382473
SPY,2023-10-24,619.021746,625.486051,611.872183,615.543736,71471545
SPY,2023-10-25,616.285748,625.881862,613.018399,613.237160,60513349
SPY,2023-10-26,615.501300,617.233164,607.390389,608.385375,69636345
SPY,2023-10-27,604.413450,611.337610,593.588573,601.305934,62526002
SPY,2023-10-30,600.552270,610.143346,594.655842,606.235992,57151250
SPY,2023-10-31,607.085512,608.888574,593.771371,600.948290,38989569
SPY,2023-11-01,598.229856,611.321632,596.934344,607.197917,49502279
SPY,2023-11-02,610.303008,621.977250,608.031510,613.307144,51479625
SPY,2023-11-03,609.696636,626.842298,607.710911,620.480431,67269043
SPY,2023-11-06,616.248081,621.714409,609.607880,612.015320,52275749
SPY,2023-11-07,610.761454,615.872019,601.521914,609.546912,35549068
SPY,2023-11-08,611.289036,620.223324,601.548862,608.020907,63047208
SPY,2023-11-09,609.879165,610.133662,609.803526,610.101033,73432932
SPY,2023-11-10,611.889954,617.871633,608.716281,610.128815,75793954
SPY,2023-11-13,609.130336,614.523556,599.388580,602.159723,36630898
SPY,2023-11-14,600.939857,612.501125,593.221617,611.093928,41658802
SPY,2023-11-15,613.109183,615.871053,609.574139,612.667855,36774610
SPY,2023-11-16,610.431593,623.668626,608.756935,614.366101,66551811
SPY,2023-11-17,616.097065,623.906002,608.415674,611.274598,75160583
SPY,2023-11-20,614.151314,621.633927,601.732519,609.877930,69142178
SPY,2023-11-21,607.395009,620.013103,599.922744,613.651814,31828177
SPY,2023-11-22,612.792482,625.157110,609.379165,615.946188,48488756
SPY,2023-11-24,616.616222,623.574172,612.989198,622.190956,45436044
SPY,2023-11-27,620.086825,628.670931,612.747079,625.874596,57710198
SPY,2023-11-28,621.737524,624.559922,617.245215,622.137072,71480154
SPY,2023-11-29,617.908957,638.150623,611.002123,628.402930,33452176
SPY,2023-11-30,628.349300,640.035685,627.133859,637.734943,63545882
SPY,2023-12-01,638.887401,644.385157,631.664446,641.136492,30804626
SPY,2023-12-04,641.083763,649.772914,640.938067,641.274127,65568910
SPY,2023-12-05,642.768045,652.715434,639.734628,646.469327,72569047
SPY,2023-12-06,647.519980,653.050379,639.164189,642.576697,57057192
SPY,2023-12-07,642.221690,644.244937,632.036209,640.136348,67687007
SPY,2023-12-08,637.609224,643.697784,637.105213,639.102344,63961626
SPY,2023-12-11,638.276485,640.662212,625.030286,628.080122,59028712
SPY,2023-12-12,630.859440,631.879603,623.222666,629.900754,49938709
SPY,2023-12-13,628.414587,634.045985,621.966886,632.762366,28917246
SPY,2023-12-14,631.685395,634.990530,620.144342,626.708162,65186926
SPY,2023-12-15,628.527391,638.713821,626.902080,636.516983,42542414
SPY,2023-12-18,640.465541,650.023256,632.522115,643.439926,62422451
SPY,2023-12-19,646.035674,656.123955,639.118189,642.690388,74110502
SPY,2023-12-20,644.319029,648.596429,639.274597,642.726249,55951292
SPY,2023-12-21,639.609290,645.357715,630.484348,637.987606,63995212
SPY,2023-12-22,636.198099,637.718325,626.557146,631.583452,27756949
SPY,2023-12-26,629.172471,638.433255,619.124330,620.922990,55613034
SPY,2023-12-27,621.708599,625.052452,616.663088,621.635000,28117399
SPY,2023-12-28,623.178067,630.865410,617.956652,624.896686,50055907
SPY,2023-12-29,625.112138,628.648736,621.582007,623.005936,42055209
SPY,2024-01-02,624.324531,636.820100,617.118886,632.137562,48987612
SPY,2024-01-03,633.596918,640.371496,632.278296,633.799955,74972490
SPY,2024-01-04,632.124833,634.413849,629.604649,630.393842,74760597
SPY,2024-01-05,628.953554,644.096819,623.301126,638.666207,50690525
SPY,2024-01-08,638.084486,644.278906,624.044197,631.085335,30449123
SPY,2024-01-09,627.305261,639.113189,622.788511,632.642536,43864903
SPY,2024-01-10,634.866549,641.944995,625.169439,627.769207,33335495
SPY,2024-01-11,630.772866,638.891618,629.840993,633.019374,46943268
SPY,2024-01-12,633.000614,634.823072,622.341387,628.384340,55641001
SPY,2024-01-16,629.379677,630.512288,623.793078,626.157359,47536903
SPY,2024-01-17,623.827554,643.195962,620.739143,633.083709,39774623
SPY,2024-01-18,631.802470,644.049977,624.953245,640.155591,57851779
SPY,2024-01-19,640.318755,655.437349,638.090602,649.259682,52393103
SPY,2024-01-22,652.290319,661.217019,646.472552,649.299790,61731920
SPY,2024-01-23,649.307397,655.346809,647.309898,652.299568,29938019
SPY,2024-01-24,656.385560,665.237116,649.796792,656.831688,37470486
SPY,2024-01-25,652.992615,658.689730,644.353284,647.582073,67351647
SPY,2024-01-26,643.496057,651.248757,631.330238,638.135993,33904322
SPY,2024-01-29,641.300986,641.385570,628.154850,632.903727,53186079
SPY,2024-01-30,629.865019,643.797850,622.507397,634.620680,44988373
SPY,2024-01-31,638.267667,652.349775,632.584481,648.045746,54621856
SPY,2024-02-01,646.841347,654.557460,635.203270,638.663974,29109864
SPY,2024-02-02,639.427013,644.583637,632.357990,634.734986,52815646
SPY,2024-02-05,635.495045,637.613958,624.950219,632.602907,68410923
SPY,2024-02-06,633.004601,647.802011,632.951505,643.611905,70813917
SPY,2024-02-07,639.326491,648.439153,635.929556,647.576883,49404911
SPY,2024-02-08,645.551561,649.891493,628.572456,636.991323,54813495
SPY,2024-02-09,635.360459,635.884962,631.155130,634.897424,42758670
SPY,2024-02-12,631.794319,638.492362,618.054456,623.071234,38132883
SPY,2024-02-13,624.194123,637.554300,618.439480,631.667947,57332591
SPY,2024-02-14,633.897559,643.691026,628.737466,642.356979,30692818
SPY,2024-02-15,641.211272,645.422554,637.494528,640.541406,35985472
SPY,2024-02-16,638.795711,658.155184,633.368892,648.936638,62403150
SPY,2024-02-20,645.543998,657.897816,644.891923,649.212632,60323973
SPY,2024-02-21,650.924625,662.716909,645.345978,653.123681,35428342
SPY,2024-02-22,654.476993,663.806613,646.832967,656.010343,49069634
SPY,2024-02-23,659.988522,670.556729,655.380810,667.916432,51168128
SPY,2024-02-26,668.626293,680.251370,667.283453,673.982582,27092418
SPY,2024-02-27,670.697445,680.306959,666.916242,671.881451,57755709
SPY,2024-02-28,667.572580,676.530260,665.324272,669.238212,64981010
SPY,2024-02-29,671.721664,679.317734,662.486471,673.448855,35255730
SPY,2024-03-01,669.238342,680.621590,666.885245,673.329761,56349215
SPY,2024-03-04,674.076390,674.122990,669.007336,670.753763,61350736
SPY,2024-03-05,672.860262,682.027305,669.485603,674.928928,62477211
SPY,2024-03-06,679.341099,689.754639,665.300177,674.692072,61450311
SPY,2024-03-07,672.551479,676.799055,659.922399,663.503741,54418635
SPY,2024-03-08,667.825351,676.941426,653.282215,657.767081,70654179
SPY,2024-03-11,660.070863,670.824464,654.009065,662.481100,65932030
SPY,2024-03-12,665.527346,676.741116,656.887055,667.787861,55161669
SPY,2024-03-13,670.094589,680.581235,658.371987,666.492498,52580517
SPY,2024-03-14,664.388993,665.575908,659.730838,663.164005,69357641
SPY,2024-03-15,662.893444,669.146493,653.659500,661.597737,69649228
SPY,2024-03-18,663.002551,666.628311,658.793674,660.688571,64231752
SPY,2024-03-19,661.227021,673.243152,654.834746,666.114875,53218525
SPY,2024-03-20,664.646972,667.470919,652.178730,652.941574,30816223
SPY,2024-03-21,652.453374,656.347841,637.965024,644.009528,30364788
SPY,2024-03-22,641.581899,656.821457,638.058906,647.337567,33269679
SPY,2024-03-25,643.619938,650.396666,637.524379,640.377081,70102192
SPY,2024-03-26,642.899252,652.775788,634.471888,647.323819,68903573
SPY,2024-03-27,650.159929,661.934153,643.944787,658.100167,35890778
SPY,2024-03-28,658.679042,668.065026,649.727537,652.388463,34155704
SPY,2024-04-01,650.274491,657.169202,646.203639,647.790385,60380875
SPY,2024-04-02,649.202406,649.918788,636.939500,641.205656,73074927
SPY,2024-04-03,639.451473,654.800064,633.384451,645.430938,35103938
SPY,2024-04-04,647.067934,654.405543,632.464151,638.942773,28604757
SPY,2024-04-05,635.964721,647.404500,634.865291,646.568416,46117756
SPY,2024-04-08,650.605874,651.907808,647.209457,649.929919,65653800
SPY,2024-04-09,648.923258,656.757775,640.778429,653.469713,45732115
SPY,2024-04-10,655.764585,661.481595,639.899506,648.600758,63930176
SPY,2024-04-11,644.374366,653.960533,634.847184,640.474908,49441997
SPY,2024-04-12,636.549981,646.691792,635.806764,638.272620,32607920
SPY,2024-04-15,635.733889,637.689229,628.101433,628.171846,53641678
SPY,2024-04-16,630.967699,634.393675,617.175122,625.721747,51398259
SPY,2024-04-17,622.100298,633.358422,617.987059,633.164368,65647193
SPY,2024-04-18,636.936913,649.294186,631.170530,639.843114,49330052
SPY,2024-04-19,638.299801,648.095669,631.140770,644.753118,54579038
SPY,2024-04-22,647.933835,658.011904,647.557437,652.711757,52814264
SPY,2024-04-23,653.918013,654.570517,647.613127,649.279182,65814236
SPY,2024-04-24,648.215345,656.626190,641.432537,642.626565,65189329
SPY,2024-04-25,641.251874,645.733647,628.057906,635.777359,64569387
SPY,2024-04-26,640.012442,656.045522,637.572333,647.328533,53230477
SPY,2024-04-29,646.101524,654.214274,641.232270,647.172784,32786719
SPY,2024-04-30,651.435462,655.985553,640.261475,646.058649,45868716
SPY,2024-05-01,642.280760,646.694032,630.077994,637.100286,35425792
SPY,2024-05-02,632.766768,638.635687,631.359958,634.868468,71916978
SPY,2024-05-03,638.407891,643.493033,630.789376,638.015901,46576996
SPY,2024-05-06,636.146899,636.588280,622.524511,630.292103,57754229
SPY,2024-05-07,632.580333,641.597551,624.505765,629.699898,65071767
SPY,2024-05-08,632.047743,634.017634,625.993689,628.155022,54985723
SPY,2024-05-09,631.434349,641.702881,625.904730,633.668877,55531048
SPY,2024-05-10,633.850106,646.266267,627.852468,637.543661,37891543
SPY,2024-05-13,636.067433,646.111507,624.279827,628.606483,30630447
SPY,2024-05-14,629.744336,635.348795,623.780035,627.492371,34308573
SPY,2024-05-15,624.950322,639.827593,619.673110,635.879372,59830245
SPY,2024-05-16,638.665366,646.954706,635.031288,645.899607,34275599
SPY,2024-05-17,642.181127,649.985009,640.386148,649.540514,38483483
SPY,2024-05-20,649.269513,662.463514,644.479722,655.448550,69619899
SPY,2024-05-21,654.058840,661.988316,647.573847,648.691658,74158160
SPY,2024-05-22,649.714933,650.019000,642.498765,648.860202,47488852
SPY,2024-05-23,653.002805,657.187195,649.346926,651.786254,59752797
SPY,2024-05-24,655.310072,666.295790,653.334733,665.595708,41944372
SPY,2024-05-28,665.854804,677.828916,657.405359,672.118750,32610538
SPY,2024-05-29,668.784064,677.087097,658.812183,667.866951,37953773
SPY,2024-05-30,665.922390,669.957702,655.873674,658.581812,71908304
SPY,2024-05-31,656.207580,661.279619,653.387858,656.171844,64740582
SPY,2024-06-03,655.861549,664.914250,646.842886,649.325065,56176563
SPY,2024-06-04,650.257801,653.053311,639.423188,644.862679,38315233
SPY,2024-06-05,640.650324,644.884978,625.978501,634.572677,30454747
SPY,2024-06-06,631.282841,636.806697,627.111371,627.352472,37401099
SPY,2024-06-07,631.681695,642.453923,629.684358,638.726728,45369530
SPY,2024-06-10,641.235103,649.976210,633.009904,644.642769,28718396
SPY,2024-06-11,644.209685,660.027296,642.180047,652.659737,35900745
SPY,2024-06-12,649.280606,657.343692,639.538449,648.036335,62999600
SPY,2024-06-13,647.790252,653.539523,633.563635,640.290040,71835062
SPY,2024-06-14,637.573872,653.876708,636.166701,644.048648,28997746
SPY,2024-06-17,648.168184,658.126402,637.928062,638.288425,44463205
SPY,2024-06-18,634.134472,644.753750,630.957785,637.921065,34425703
SPY,2024-06-20,634.346817,634.592407,623.499734,632.094569,66014990
SPY,2024-06-21,636.028964,649.706080,634.504036,642.421643,41042872
SPY,2024-06-24,643.746963,644.107796,629.913958,635.320320,51210204
SPY,2024-06-25,638.897747,655.692204,633.107740,646.487140,37298107
SPY,2024-06-26,645.447021,657.535254,644.945355,649.432156,54195020
SPY,2024-06-27,652.157011,662.165218,637.230613,642.060877,74856630
SPY,2024-06-28,642.691992,648.714709,632.481554,640.901790,69595473
SPY,2024-07-01,641.750103,650.116961,632.980992,639.033195,45296690
SPY,2024-07-02,638.330208,643.032259,634.678253,634.711823,54514319
SPY,2024-07-03,633.396177,651.070741,631.026281,643.402087,63071323
SPY,2024-07-05,646.860950,647.187014,637.889316,639.064214,27587607
SPY,2024-07-08,640.782848,661.364359,638.488828,651.310427,41804166
SPY,2024-07-09,653.578689,662.150839,646.995053,658.117280,27765131
SPY,2024-07-10,655.075450,665.028107,651.571043,655.686475,68938503
SPY,2024-07-11,654.619485,659.022411,639.309749,646.902712,55847134
SPY,2024-07-12,650.665126,651.480441,639.408022,643.463443,47997949
SPY,2024-07-15,647.075735,657.187044,638.039565,650.712893,46060568
SPY,2024-07-16,648.601026,658.186250,632.245983,640.803197,29058039
SPY,2024-07-17,637.118668,637.336705,626.083084,632.160472,38654546
SPY,2024-07-18,631.744457,640.316316,615.247734,623.897691,39782824
SPY,2024-07-19,627.928314,635.502880,625.101444,629.746613,70698679
SPY,2024-07-22,628.799746,630.135513,623.768789,627.599255,48362064
SPY,2024-07-23,630.673202,637.969902,619.558168,625.464345,54542447
SPY,2024-07-24,628.373439,634.236319,617.955137,619.952506,42205079
SPY,2024-07-25,621.734778,628.686810,612.451117,617.752449,65800945
SPY,2024-07-26,621.103651,632.627903,617.951000,631.099612,72119430
SPY,2024-07-29,628.172737,633.857076,620.855439,627.946108,62834918
SPY,2024-07-30,625.531043,628.678776,615.222681,618.308594,65238691
SPY,2024-07-31,615.340440,619.659341,604.605578,607.318665,59553304
SPY,2024-08-01,604.447029,611.334683,590.719536,596.935230,74976299
SPY,2024-08-02,598.611927,618.270481,594.552435,608.684914,46547236
SPY,2024-08-05,607.236432,608.283027,596.967893,603.751194,47084220
SPY,2024-08-06,604.943623,610.836742,600.845458,606.661271,71127842
SPY,2024-08-07,602.601604,607.045081,592.686203,598.851190,57298484
SPY,2024-08-08,595.707216,608.145439,592.230255,602.419039,70349070
SPY,2024-08-09,600.029283,609.985818,599.456444,604.187782,32371018
SPY,2024-08-12,605.484604,617.760687,599.632671,612.327924,29613274
SPY,2024-08-13,611.282423,624.558237,607.764810,615.017942,33331182
SPY,2024-08-14,613.713435,628.251543,613.135396,622.359800,67544280
SPY,2024-08-15,624.807884,634.565975,621.297298,634.312256,40903380
SPY,2024-08-16,631.052876,635.818957,622.581591,622.717734,68532341
SPY,2024-08-19,619.264001,622.646154,609.240761,615.405536,60941712
SPY,2024-08-20,613.162528,621.362940,605.423483,620.335067,64270438
SPY,2024-08-21,622.025314,629.185526,621.659156,626.719921,74841275
SPY,2024-08-22,630.765419,641.685337,627.326210,635.445761,72774242
SPY,2024-08-23,631.462626,631.934087,615.670859,623.758453,31960881
SPY,2024-08-26,622.439487,624.574409,614.121310,623.982486,42371205
SPY,2024-08-27,628.289597,640.472138,619.636333,634.840706,38456261
SPY,2024-08-28,637.196582,645.657518,626.401294,635.265384,62020234
SPY,2024-08-29,635.260444,644.214168,625.332869,627.101554,32388612
SPY,2024-08-30,625.497457,630.270484,621.302553,626.096094,75644684
SPY,2024-09-03,627.776575,630.383411,620.137080,624.104157,42853231
SPY,2024-09-04,622.855485,632.027365,617.501135,630.518983,66990518
SPY,2024-09-05,630.793104,634.900902,630.395044,633.022521,35979456
SPY,2024-09-06,636.798507,645.133519,629.056308,635.220136,63420873
SPY,2024-09-09,631.408700,634.705692,622.112035,627.099683,61298591
SPY,2024-09-10,626.082796,631.620319,625.885501,628.077768,29090539
SPY,2024-09-11,624.882677,632.098062,612.045471,618.648577,58973610
SPY,2024-09-12,622.910806,630.482256,615.129993,630.433578,63671343
SPY,2024-09-13,630.636294,636.516654,615.875932,623.369059,69045528
SPY,2024-09-16,619.167014,622.229226,607.046951,614.664510,70284831
SPY,2024-09-17,610.598690,618.794994,607.277118,609.313842,53989066
SPY,2024-09-18,609.828013,615.384907,598.322995,602.039279,35104274
SPY,2024-09-19,598.602594,606.238296,593.288268,603.735381,49796949
SPY,2024-09-20,605.982412,608.780851,596.150247,602.321753,71276515
SPY,2024-09-23,601.849713,617.168969,596.650386,609.105825,58340523
SPY,2024-09-24,605.670520,614.125239,593.074603,596.499197,63947959
SPY,2024-09-25,593.292547,608.936077,590.216638,600.516694,47196763
SPY,2024-09-26,602.367970,612.839794,594.438372,606.135251,56320598
SPY,2024-09-27,605.859456,617.726097,599.898488,611.897766,46300673
SPY,2024-09-30,613.086950,622.574434,605.573619,620.570987,56375916
SPY,2024-10-01,621.344892,628.784370,611.674147,616.733831,59990094
SPY,2024-10-02,619.694957,635.340229,612.272072,626.261426,53249177
SPY,2024-10-03,627.164086,627.799691,619.423296,620.942201,74069507
SPY,2024-10-04,617.428818,622.414336,612.884219,614.107345,45776725
SPY,2024-10-07,611.129984,625.210015,603.361052,619.119034,32743066
SPY,2024-10-08,615.604384,618.038534,604.927153,608.657123,69536687
SPY,2024-10-09,609.915938,626.811067,601.977926,617.776245,44467242
SPY,2024-10-10,614.910310,624.809073,611.347876,622.140786,71321715
SPY,2024-10-11,625.202799,632.665867,622.772788,630.960155,59262792
SPY,2024-10-14,630.930450,632.680619,626.321491,627.005645,53483311
SPY,2024-10-15,623.599613,640.073030,622.389538,634.094551,47616513
SPY,2024-10-16,634.771252,638.598413,622.341377,628.198643,66533628
SPY,2024-10-17,624.057216,632.378783,619.676063,627.399608,46108174
SPY,2024-10-18,626.991498,629.424267,620.262623,624.413191,64844682
SPY,2024-10-21,626.218882,641.748921,618.823294,634.892834,41129445
SPY,2024-10-22,635.352777,645.585594,628.708528,645.299714,61809386
SPY,2024-10-23,641.115521,648.190694,628.550954,633.880806,55832150
SPY,2024-10-24,637.518280,642.659723,625.704469,631.990320,58485992
SPY,2024-10-25,633.439771,634.089615,625.070498,626.579057,46565236
SPY,2024-10-28,629.276732,629.547179,613.506645,621.913367,37100086
SPY,2024-10-29,622.898859,631.189908,617.139900,629.576151,62846014
SPY,2024-10-30,626.701820,629.547611,612.684976,620.658329,68888650
SPY,2024-10-31,624.196261,630.547063,619.846597,625.153067,42173866
SPY,2024-11-01,624.480370,624.976354,612.073970,617.995623,47201337
SPY,2024-11-04,614.478233,625.018469,613.320917,621.043036,72046434
SPY,2024-11-05,620.899682,629.099210,619.350675,623.482191,27587597
SPY,2024-11-06,622.039935,628.646020,619.840765,620.941556,67191573
SPY,2024-11-07,619.718760,626.560731,610.925006,616.833200,29357090
SPY,2024-11-08,619.724490,621.949377,606.559820,613.484682,43595779
SPY,2024-11-11,614.721197,627.409233,610.041697,623.363023,74867409
SPY,2024-11-12,625.398458,626.636982,617.778560,620.681696,36203702
SPY,2024-11-13,621.126301,624.888029,611.575506,614.267036,38130053
SPY,2024-11-14,614.245628,621.612572,599.914716,607.225781,59496406
SPY,2024-11-15,605.650302,607.527449,602.947595,606.207487,34295322
SPY,2024-11-18,602.699891,619.142736,595.663419,610.247445,48340572
SPY,2024-11-19,612.667310,619.658734,606.761074,614.778165,47741845
SPY,2024-11-20,611.105896,621.464616,604.549122,615.286494,52849505
SPY,2024-11-21,617.644160,619.832666,606.900285,615.493539,62919289
SPY,2024-11-22,613.745837,632.981003,613.698275,623.141782,28321967
SPY,2024-11-25,625.762709,628.396918,618.214495,622.285209,42335992
SPY,2024-11-26,624.912974,627.912611,610.383367,618.469848,49939148
SPY,2024-11-27,616.200460,618.236684,611.944354,617.633219,43209199
SPY,2024-11-29,618.338010,621.487919,611.249319,615.196394,47615888
SPY,2024-12-02,613.964404,624.880831,605.833687,622.594686,48866908
SPY,2024-12-03,621.406732,624.280609,617.003047,619.870973,74532151
SPY,2024-12-04,616.111918,617.452707,609.769359,614.555829,48069399
SPY,2024-12-05,610.777394,614.954795,601.171786,607.643466,40227194
SPY,2024-12-06,604.727025,616.373951,600.384148,611.993698,73567972
SPY,2024-12-09,616.245290,627.347014,611.695099,619.520111,52034391
SPY,2024-12-10,618.900887,627.854977,614.474436,625.628614,57500609
SPY,2024-12-11,623.947161,640.174918,620.337624,631.656450,40881736
SPY,2024-12-12,635.113973,641.727628,620.596122,626.854801,62201833
SPY,2024-12-13,626.100374,632.150777,618.475421,631.351522,63394178
SPY,2024-12-16,629.192230,642.872714,622.909124,636.546020,57739396
SPY,2024-12-17,639.831643,640.818802,634.034943,637.528714,27621641
SPY,2024-12-18,640.359655,640.604203,635.258079,639.218923,65546067
SPY,2024-12-19,640.859757,648.509039,634.344372,643.257561,36893343
SPY,2024-12-20,643.879751,650.139545,639.789506,643.066661,48953298
SPY,2024-12-23,638.759005,640.330578,626.774748,634.231766,31077341
SPY,2024-12-24,635.099494,638.985246,626.950609,627.293745,68817309
SPY,2024-12-26,626.728592,636.319444,626.559905,635.280021,36216624
SPY,2024-12-27,635.266416,640.894233,627.977537,633.004426,38819746
SPY,2024-12-30,631.174630,637.304065,624.616874,633.047436,57931992
SPY,2024-12-31,631.595289,640.185554,624.555572,627.045185,33986990
SPY,2025-01-02,623.209186,633.147629,618.270691,622.572028,61440016
SPY,2025-01-03,623.243795,627.496095,614.347566,621.114981,62566894
SPY,2025-01-06,621.077133,634.475160,615.444119,627.321969,74343895
SPY,2025-01-07,623.134104,637.279958,618.085537,633.680071,30191798
SPY,2025-01-08,636.214622,642.086605,632.469646,639.092179,55828683
SPY,2025-01-10,635.861361,647.206021,635.602320,640.895336,37304493
SPY,2025-01-13,639.053145,654.666257,632.053486,646.009936,62342559
SPY,2025-01-14,649.108521,656.995366,641.664952,651.507287,45691990
SPY,2025-01-15,653.623920,657.760073,647.259860,657.457880,39585059
SPY,2025-01-16,661.109301,664.202446,655.166898,660.466333,54722923
SPY,2025-01-17,661.269388,670.860914,660.166694,663.787346,27464008
SPY,2025-01-21,659.521358,677.164193,652.870367,668.414798,67080682
SPY,2025-01-22,667.686940,674.721303,662.736650,671.248723,58937785
SPY,2025-01-23,666.819315,680.820017,658.984999,672.678597,62488522
SPY,2025-01-24,669.747374,682.646728,667.482336,673.513853,44140987
SPY,2025-01-27,671.753173,690.526310,665.911979,680.316584,43697241
SPY,2025-01-28,678.367508,688.629340,667.203082,668.973325,43212078
SPY,2025-01-29,667.587886,678.164697,659.774199,673.132833,52913321
SPY,2025-01-30,674.182400,683.088393,673.487348,677.127096,45613661
SPY,2025-01-31,681.005245,698.455341,680.768209,688.415129,53447899
SPY,2025-02-03,685.251311,700.209313,680.591071,691.086853,66772174
SPY,2025-02-04,690.235647,698.190653,679.502019,683.303159,27727326
SPY,2025-02-05,687.442735,697.032752,677.050368,684.779372,57376458
SPY,2025-02-06,688.719310,693.371873,684.899065,689.433078,67486729
SPY,2025-02-07,692.230261,702.537911,682.808255,699.489865,54976470
SPY,2025-02-10,700.109056,706.990289,691.203708,705.105765,49031456
SPY,2025-02-11,700.512477,709.582777,693.363792,699.218553,66426661
SPY,2025-02-12,698.132865,707.077406,682.006520,691.472857,46460084
SPY,2025-02-13,694.466881,704.702236,692.729811,693.147135,43535983
SPY,2025-02-14,691.916497,698.913539,679.058839,682.935153,61759274
SPY,2025-02-18,685.036578,695.210512,675.304995,683.724916,53830391
SPY,2025-02-19,682.624173,689.609015,676.471719,688.395661,35267649
SPY,2025-02-20,692.448474,710.173119,688.597534,702.744634,54916751
SPY,2025-02-21,706.923009,727.693800,705.088039,717.002102,67225636
SPY,2025-02-24,716.735668,718.164871,708.212281,711.567566,44371592
SPY,2025-02-25,715.826651,720.109301,706.581091,707.115287,33543211
SPY,2025-02-26,711.580572,713.564969,705.959849,712.735426,39676815
SPY,2025-02-27,716.187982,723.617658,708.245629,711.457315,63590371
SPY,2025-02-28,715.316410,716.648952,705.659493,714.707887,39299648
SPY,2025-03-03,715.048726,733.287495,708.775069,723.952866,68308289
SPY,2025-03-04,719.997749,722.915836,715.505347,721.306719,48878382
SPY,2025-03-05,717.736978,718.397257,701.888079,709.091017,63315131
SPY,2025-03-06,704.226311,710.514694,689.844472,693.195810,53441268
SPY,2025-03-07,697.080539,703.200380,696.165073,697.600908,74501733
SPY,2025-03-10,700.134738,702.786045,697.814754,698.576565,31965822
SPY,2025-03-11,695.508465,703.286581,689.353203,695.818599,68941527
SPY,2025-03-12,692.294656,711.141819,689.904629,700.852474,49192236
SPY,2025-03-13,703.124902,712.481599,696.682107,711.046487,34338427
SPY,2025-03-14,709.635046,719.142166,708.974501,711.403979,38750098
SPY,2025-03-17,709.986266,717.944886,703.264237,716.928021,47768684
SPY,2025-03-18,720.130803,733.917482,715.025394,728.015813,62154689
SPY,2025-03-19,732.287640,747.321815,722.101896,737.185510,54700222
SPY,2025-03-20,736.778964,740.745403,723.872605,727.921477,48390278
SPY,2025-03-21,725.949903,733.023140,716.568618,731.608545,56258326
SPY,2025-03-24,727.235340,730.787005,719.989148,726.539728,41435509
SPY,2025-03-25,726.679291,728.769026,719.655234,726.563611,74012216
SPY,2025-03-26,730.823447,739.894954,724.926377,739.040634,32512735
SPY,2025-03-27,741.857027,746.328346,735.794404,741.078017,40245532
SPY,2025-03-28,737.008706,748.847490,731.762123,743.256200,66871491
SPY,2025-03-31,740.143314,743.837253,726.682150,733.943810,29307512
SPY,2025-04-01,735.737647,743.204171,732.626475,742.664246,38858665
SPY,2025-04-02,741.345972,750.574910,732.005781,740.098929,74283283
SPY,2025-04-03,735.297063,743.171356,730.600919,732.806484,49696874
SPY,2025-04-04,730.032298,734.917480,719.173223,721.225152,52433578
SPY,2025-04-07,724.082686,725.422408,710.264419,711.485806,45100560
SPY,2025-04-08,715.646792,733.958128,714.949236,725.848672,51698915
SPY,2025-04-09,724.496504,731.815651,718.988077,722.902715,44418900
SPY,2025-04-10,727.952266,737.980559,717.027949,722.681707,31603335
SPY,2025-04-11,723.266715,733.478499,714.830922,722.746034,30718243
SPY,2025-04-14,718.359824,729.542856,713.385576,721.687413,54190619
SPY,2025-04-15,719.421870,725.779759,711.298219,711.608368,57916991
SPY,2025-04-16,714.141986,716.325240,709.137769,715.014323,42744093
SPY,2025-04-17,719.817241,732.020274,717.715147,730.622949,41075100
SPY,2025-04-21,729.869926,754.234678,725.403160,743.094390,45042097
SPY,2025-04-22,747.629613,754.812316,741.068905,751.821607,67031188
SPY,2025-04-23,747.587316,749.439135,731.778483,740.844547,31347467
SPY,2025-04-24,743.523756,750.899874,737.698768,741.280974,30085134
SPY,2025-04-25,740.270635,748.539191,734.342568,747.502041,41283519
SPY,2025-04-28,746.564967,754.429649,743.930787,752.042948,37155477
SPY,2025-04-29,749.561559,754.408014,743.550234,745.109029,28773392
SPY,2025-04-30,747.058217,756.013094,744.113735,747.421158,64111464
SPY,2025-05-01,746.252824,756.134208,733.969715,740.188240,70376879
SPY,2025-05-02,744.121527,754.368815,726.355061,734.897251,40601620
SPY,2025-05-05,733.548887,751.209734,724.150073,744.533946,43211366
SPY,2025-05-06,741.231162,741.293044,731.550536,735.508732,60986896
SPY,2025-05-07,731.581094,747.080556,730.845969,741.115087,62253903
SPY,2025-05-08,738.173489,759.455423,729.673823,748.507319,46749113
SPY,2025-05-09,744.056407,758.382428,734.905176,747.758502,51752044
SPY,2025-05-12,744.140645,756.577406,740.150830,744.675200,63297181
SPY,2025-05-13,742.255647,753.351222,732.470954,744.269973,35784614
SPY,2025-05-14,740.908988,748.737525,731.120490,745.106158,46246913
SPY,2025-05-15,743.969300,753.472569,739.259437,740.658542,42272311
SPY,2025-05-16,741.472948,759.767770,735.126120,750.253080,48317606
SPY,2025-05-19,751.505921,773.351348,743.666397,763.943172,69004689
SPY,2025-05-20,766.312184,778.802770,758.456870,775.783638,56782539
SPY,2025-05-21,776.244109,786.417561,768.368203,776.487260,66086950
SPY,2025-05-22,775.852501,787.507511,761.602949,770.902509,53243519
SPY,2025-05-23,769.628846,777.774206,763.322930,769.120739,44679726
SPY,2025-05-27,766.170532,774.342956,765.640778,767.641648,60184186
SPY,2025-05-28,763.671162,776.963556,755.750675,775.225307,29570046
SPY,2025-05-29,779.810954,784.269330,773.808777,783.139043,34605432
SPY,2025-05-30,783.002651,785.656372,763.264853,774.003469,57034558
SPY,2025-06-02,775.229077,787.037179,765.675803,774.768257,30871466
SPY,2025-06-03,769.599801,778.607872,755.824523,761.197398,43199231
SPY,2025-06-04,766.156268,773.717130,764.559179,771.746481,69009317
SPY,2025-06-05,776.511871,799.130341,773.550480,787.758917,74725722
SPY,2025-06-06,789.446081,793.485051,781.091939,789.034858,31920414
SPY,2025-06-09,791.095581,793.219537,772.319118,778.554740,51725918
SPY,2025-06-10,779.970590,789.731186,778.968206,789.510680,44592718
SPY,2025-06-11,790.132583,811.136697,783.233009,800.221872,64385224
SPY,2025-06-12,805.370613,819.978777,802.555322,809.249698,73258372
SPY,2025-06-13,813.829467,825.935127,805.988950,812.762194,29424621
SPY,2025-06-16,816.875450,841.570815,810.054010,828.445862,62837315
SPY,2025-06-17,830.217672,835.768041,821.452911,831.570506,27313710
SPY,2025-06-18,830.921608,849.315321,820.107303,841.385942,75754382
SPY,2025-06-20,836.639492,847.245568,833.254413,845.942519,27624519
SPY,2025-06-23,846.770527,862.402982,845.376541,853.173572,38628555
SPY,2025-06-24,853.688003,863.683555,848.273860,854.280367,51151192
SPY,2025-06-25,851.207827,855.218599,843.140092,846.396182,52220710
SPY,2025-06-26,848.600633,850.852660,848.191949,848.902832,59976355
SPY,2025-06-27,844.849051,856.265202,826.945638,831.333901,36702978
SPY,2025-06-30,835.848458,846.555409,835.155451,843.298791,49603414

